2019-05-07 04:19:52,b'RT @fAmEnXt: Beautiful starry night \xe2\x80\x93 CASETiFY\n\n#iphone #Apple #iphonecase #stars  https://t.co/RqRDkAtbXT'
2019-05-07 04:19:43,b'RT @fAmEnXt: Sun moon stars white galaxy \xe2\x80\x93 CASETiFY\n\n#iphone #Apple #iphonecase #sunmoonstars  https://t.co/UILfaEotvQ'
2019-05-07 04:14:06,b'iPhone Xs Max in The House!!! Another Glamor Shot..... @Apple #Apple #iPhone #iphonexsmax @RingkeOfficial https://t.co/R9ctuRgYRQ'
2019-05-07 01:58:07,"b'Free 4K Love Dog\n#wallpaper for \niPhone XS, MAX, XR, XS, X, ALL other iPhone ( 8,7, 6s, 5s, etc..)\n#wallpapers\xe2\x80\xa6 https://t.co/Rzg8hmWX2R'"
2019-05-07 01:53:42,"b'Free 4K Love Dog\n#wallpaper for \niPhone XS, MAX, XR, XS, X, ALL other iPhone ( 8,7, 6s, 5s, etc..)\n#wallpapers\xe2\x80\xa6 https://t.co/Xjxmb9zEpt'"
2019-05-06 22:59:31,b'Luxury Gold Foil Bling Marble Phone Case For iPhone\nBuy Now : https://t.co/Ok65FHpRZM\n#case #phonecase\xe2\x80\xa6 https://t.co/seGuZDPy5U'
2019-05-06 22:00:21,b'\xf0\x9f\x98\x81 Happiness is receiving \n what you ordered from online!!!\nWe have great news\nOur iPhone XS Max \xf0\x9f\x93\xb2are here and shipp\xe2\x80\xa6 https://t.co/QopLdvUu3B'
2019-05-06 20:27:47,"b'Free 4K STIK\n#wallpaper for \niPhone XS, MAX, XR, XS, X, ALL other iPhone ( 8,7, 6s, 5s, etc..)\n#wallpapers #iPhone\xe2\x80\xa6 https://t.co/8056ESZj59'"
2019-05-06 19:55:34,"b'Meer\'s World: iPhone Xs Max 6.5"" At Best Price, Fully Unlocked GSM+CDMA, Gold, Gray or Silver | Best Smartphone\xe2\x80\xa6 https://t.co/mELPL6SY78'"
2019-05-06 19:45:07,"b'512GB Apple iPhone Xs Max for $1219 at Gazelle. $230 off! No contract, 30-day return. #apple #iphone #iphonexsmax https://t.co/ld3vEcmKrt'"
2019-05-06 18:55:06,"b'256GB Apple iPhone Xs Max for $1059 at Gazelle. $190 off! No contract, 30-day return. #apple #iphone #iphonexsmax https://t.co/0TngFdR1h0'"
2019-05-06 18:50:01,b'\xe2\x9d\xa4\xef\xb8\x8fUltra Clear Protective Case for iPhone Xs Max ! Buy Now: https://t.co/8lYFAY46Yc  Durable Hybrid Protection again\xe2\x80\xa6 https://t.co/d4KFmeK2fK'
2019-05-06 18:28:57,b'Tech Armor\n iPhone Xs Max Screen Protection &amp; Accessories\nClick and Buy Here: https://t.co/a1dkdo4gpp \n\n#iphone scr\xe2\x80\xa6 https://t.co/4jYlcG9wiZ'
2019-05-06 18:12:27,b'Tech Armor\n iPhone Xs Max Screen Protection &amp; Accessories\nClick and Buy Here: https://t.co/a1dkdo4gpp \n\n#iphone scr\xe2\x80\xa6 https://t.co/Y6Wx0VLTsc'
2019-05-06 17:50:04,"b'64GB Apple iPhone Xs Max for $929 at Gazelle. $170 off! No contract, 30-day return. #apple #iphone #iphonexsmax https://t.co/hXpkkj56Oy'"
2019-05-06 17:33:20,"b'Free 4K Leaf\n#wallpaper for \niPhone XS, MAX, XR, XS, X, ALL other iPhone ( 8,7, 6s, 5s, etc..)\n#wallpapers #iPhone\xe2\x80\xa6 https://t.co/4EIfB9NbRN'"
2019-05-06 16:55:50,b'For iPhone X XS Max XR Shockproof Plating Clear Slim Hybrid Bumper Case Cover\nPrice: $4.95\nBuy at eBay here:\xe2\x80\xa6 https://t.co/KJxoYMVYzY'
2019-05-06 16:06:10,b'RT @AR72014: #RT #wallpapers #iPhone #iPhoneXSMax #iPhoneXS #iPhoneX #iPhoneXR \n\n10 new exclusive #wallpaper for \n\n- iPhone XS MAX \n- iPhon\xe2\x80\xa6'
2019-05-06 15:26:12,b'9 #Ways To Walk Through For #iPhone #Screen #Flickering And #Unresponsive Issue (#iPhoneXR/XS/XS Max Supported)\nhttps://t.co/B7UX9Xpdtw'
2019-05-06 14:59:44,b'iPhone XS Max case that actually allows the phone to wireless charge? I originally purchased an Apple silicone case\xe2\x80\xa6 https://t.co/OewysSJ1AR'
2019-05-06 12:25:03,b'RT @AR72014: #wallpapers #iPhone \n#iPhoneXSMax #iPhoneXS #iPhoneX #iPhoneXR \n\nBlue Yellow #wallpaper for\n\n- iPhone XS MAX - iPhone XR\nhttps\xe2\x80\xa6'
2019-05-06 11:47:47,"b""I've just entered to win an #iPhone XS Max with matching #Airpods! #Giveaway ends 5/21 https://t.co/6jzBrDZGF2"""
2019-05-06 10:19:27,"b'RT @Dazeinfo: Astonishingly, one-third of the combined worldwide sales of #iPhone XS and #iPhoneXSMax took place in China. Then what happen\xe2\x80\xa6'"
2019-05-06 09:39:08,"b'RT Dazeinfo ""Astonishingly, one-third of the combined worldwide sales of #iPhone XS and #iPhoneXSMax took place in\xe2\x80\xa6 https://t.co/jN1abXc1rj'"
2019-05-06 09:33:11,"b'""Astonishingly, one-third of the combined worldwide sales of #iPhone XS and #iPhoneXSMax took place in China. Then\xe2\x80\xa6 https://t.co/wkXFHQQ1Aq'"
2019-05-06 09:33:04,"b'RT Dazeinfo ""Astonishingly, one-third of the combined worldwide sales of #iPhone XS and #iPhoneXSMax took place in\xe2\x80\xa6 https://t.co/eot0ACp70D'"
2019-05-06 09:30:07,"b'Astonishingly, one-third of the combined worldwide sales of #iPhone XS and #iPhoneXSMax took place in China. Then w\xe2\x80\xa6 https://t.co/m3eNxJ9whb'"
2019-05-06 07:51:22,"b'""Apple Warned iPhones Have A Serious Battery Problem"" https://t.co/Or07NUnKG9 #Apple #iPhone #battery'"
2019-05-06 05:47:55,b'\xf0\x9f\x8d\x8e\xf0\x9f\x94\x8b \xf0\x9f\x91\x8e\n\n#Apple Warned #iPhone - A Serious #Battery Problem https://t.co/W7ty1ojWnL'
2019-05-06 05:38:51,b'RT @AR72014: #wallpapers #iPhone \n#iPhoneXSMax #iPhoneXS #iPhoneX #iPhoneXR \n\nBlue Yellow #wallpaper for\n\n- iPhone XS MAX - iPhone XR\nhttps\xe2\x80\xa6'
2019-05-06 04:31:00,b'RT @AR72014: #wallpapers #iPhone \n#iPhoneXSMax #iPhoneXS #iPhoneX #iPhoneXR \n\nBlue Yellow #wallpaper for\n\n- iPhone XS MAX - iPhone XR\nhttps\xe2\x80\xa6'
2019-05-06 04:06:12,b'RT @AR72014: #wallpapers #iPhone \n#iPhoneXSMax #iPhoneXS #iPhoneX #iPhoneXR \n\nBlue Red #wallpaper for\n\n- iPhone XS MAX - iPhone XR\nhttps://\xe2\x80\xa6'
2019-05-06 01:53:11,b'RT @AR72014: #wallpapers #iPhone \n#iPhoneXSMax #iPhoneXS #iPhoneX #iPhoneXR \n\nBlue Yellow #wallpaper for\n\n- iPhone XS MAX - iPhone XR\nhttps\xe2\x80\xa6'
2019-05-06 01:24:48,b'RT @AR72014: #wallpapers #iPhone \n#iPhoneXSMax #iPhoneXS #iPhoneX #iPhoneXR \n\nBlue Yellow #wallpaper for\n\n- iPhone XS MAX - iPhone XR\nhttps\xe2\x80\xa6'
2019-05-06 01:11:01,b'RT @AR72014: #wallpapers #iPhone \n#iPhoneXSMax #iPhoneXS #iPhoneX #iPhoneXR \n\n3D #wallpaper for\n\n- iPhone XS MAX - iPhone XR\nhttps://t.co/f\xe2\x80\xa6'
2019-05-06 00:39:09,b'iOS 12.3 Beta 4 - Follow up https://t.co/4C9lLIW020\n\niOS 12.3 Beta 4 has been out for a few days. I go over my expe\xe2\x80\xa6 https://t.co/ZzGccL1cpo'
2019-05-05 23:32:36,b'Learn to take professional quality photos using your iPhone XS Max. Read this new eBook - https://t.co/B052xxwfRu\xe2\x80\xa6 https://t.co/wi0tVRT40h'
2019-05-05 23:26:27,b'RT @AR72014: #wallpapers #iPhone \n#iPhoneXSMax #iPhoneXS #iPhoneX #iPhoneXR \n\nBlue Yellow #wallpaper for\n\n- iPhone XS MAX - iPhone XR\nhttps\xe2\x80\xa6'
2019-05-05 22:45:07,b'RT @AR72014: #wallpapers #iPhone \n#iPhoneXSMax #iPhoneXS #iPhoneX #iPhoneXR \n\nBlue Yellow #wallpaper for\n\n- iPhone XS MAX - iPhone XR\nhttps\xe2\x80\xa6'
2019-05-05 21:40:40,b'RT @AR72014: #wallpapers #iPhone \n#iPhoneXSMax #iPhoneXS #iPhoneX #iPhoneXR \n\nBlue Yellow #wallpaper for\n\n- iPhone XS MAX - iPhone XR\nhttps\xe2\x80\xa6'
2019-05-05 21:31:58,b'RT @AR72014: #wallpapers #iPhone \n#iPhoneXSMax #iPhoneXS #iPhoneX #iPhoneXR \n\nBlue Yellow #wallpaper for\n\n- iPhone XS MAX - iPhone XR\nhttps\xe2\x80\xa6'
2019-05-05 20:55:00,"b'OLEBR 3 in 1 Charging Stand for iWatch Series 4/3/2/1, AirPods and iPhone Xs/X Max/XR/X/8/8Plus/7/7 Plus /6S /6S Pl\xe2\x80\xa6 https://t.co/nQkABBknJx'"
2019-05-05 20:24:56,b'RT @AR72014: #wallpapers #iPhone \n#iPhoneXSMax #iPhoneXS #iPhoneX #iPhoneXR \n\nBlue Yellow #wallpaper for\n\n- iPhone XS MAX - iPhone XR\nhttps\xe2\x80\xa6'
2019-05-05 19:45:06,"b'512GB Apple iPhone Xs Max for $1219 at Gazelle. $230 off! No contract, 30-day return. #apple #iphone #iphonexsmax https://t.co/zX2sVjYXNL'"
2019-05-05 19:36:52,b'UNboxing Apple I Phone XS max 512gb \xe2\x9c\x8c\xef\xb8\x8f\xf0\x9f\x98\x8d\xf0\x9f\x91\x89 \xf0\x9f\xa5\x87GOLD\n.\n@apple\n. \n#mikkikoomar #iphonexsmax #iphonexsmaxgold #iphone\xe2\x80\xa6 https://t.co/oUC4szHbpv'
2019-05-05 19:21:16,b'RT @AR72014: #wallpapers #iPhone \n#iPhoneXSMax #iPhoneXS #iPhoneX #iPhoneXR \n\nBlue Yellow #wallpaper for\n\n- iPhone XS MAX - iPhone XR\nhttps\xe2\x80\xa6'
2019-05-05 19:02:14,"b'How to Turn Off iPhone X Generation Including iPhone XS, iPhone XS Max, iPhone X, and iPhone XR \n#iPhone\nhttps://t.co/ejyMCc7vFG'"
2019-05-05 18:55:05,"b'256GB Apple iPhone Xs Max for $1059 at Gazelle. $190 off! No contract, 30-day return. #apple #iphone #iphonexsmax https://t.co/V9sDCFAWPt'"
2019-05-05 18:12:32,b'welp Iphone XS max went to the black screen of death. Sad day. #iphone #broke #blackscreenofdeath #applestore'
2019-05-05 18:00:03,b'RT @AR72014: #wallpapers #iPhone \n#iPhoneXSMax #iPhoneXS #iPhoneX #iPhoneXR \n\nBlue Yellow #wallpaper for\n\n- iPhone XS MAX - iPhone XR\nhttps\xe2\x80\xa6'
2019-05-05 17:50:04,"b'64GB Apple iPhone Xs Max for $929 at Gazelle. $170 off! No contract, 30-day return. #apple #iphone #iphonexsmax https://t.co/ncZlh5eLiT'"
2019-05-05 17:42:35,b'RT @AR72014: #wallpapers #iPhone \n#iPhoneXSMax #iPhoneXS #iPhoneX #iPhoneXR \n\nBlue Yellow #wallpaper for\n\n- iPhone XS MAX - iPhone XR\nhttps\xe2\x80\xa6'
2019-05-05 17:35:04,b'Tech Armor\n iPhone Xs Max Screen Protection &amp; Accessories\nClick and Buy Here: https://t.co/a1dkdo4gpp \n\n#iphone scr\xe2\x80\xa6 https://t.co/WfMcWGxzwB'
2019-05-05 17:26:22,b'RT @AR72014: #wallpapers #iPhone \n#iPhoneXSMax #iPhoneXS #iPhoneX #iPhoneXR \n\nBlue Yellow #wallpaper for\n\n- iPhone XS MAX - iPhone XR\nhttps\xe2\x80\xa6'
2019-05-05 17:25:58,b'RT @AR72014: #wallpapers #iPhone \n#iPhoneXSMax #iPhoneXS #iPhoneX #iPhoneXR \n\nBlue Yellow #wallpaper for\n\n- iPhone XS MAX - iPhone XR\nhttps\xe2\x80\xa6'
2019-05-05 16:42:00,b'RT @AR72014: #wallpapers #iPhone \n#iPhoneXSMax #iPhoneXS #iPhoneX #iPhoneXR \n\nBlue Yellow #wallpaper for\n\n- iPhone XS MAX - iPhone XR\nhttps\xe2\x80\xa6'
2019-05-05 16:30:24,b'RT @AR72014: #wallpapers #iPhone \n#iPhoneXSMax #iPhoneXS #iPhoneX #iPhoneXR \n\nBlue Yellow #wallpaper for\n\n- iPhone XS MAX - iPhone XR\nhttps\xe2\x80\xa6'
2019-05-05 16:26:33,b'Tech Armor\n iPhone Xs Max Screen Protection &amp; Accessories\nClick and Buy Here: https://t.co/a1dkdo4gpp \n\n#iphone scr\xe2\x80\xa6 https://t.co/ttKdcLlmyo'
2019-05-05 16:12:24,b'RT @AR72014: #wallpapers #iPhone \n#iPhoneXSMax #iPhoneXS #iPhoneX #iPhoneXR \n\nBlue Yellow #wallpaper for\n\n- iPhone XS MAX - iPhone XR\nhttps\xe2\x80\xa6'
2019-05-05 16:03:20,b'#wallpapers #iPhone \n#iPhoneXSMax #iPhoneXS #iPhoneX #iPhoneXR \n\nBlue Yellow #wallpaper for\n\n- iPhone XS MAX - iPho\xe2\x80\xa6 https://t.co/OI1tooHSj8'
2019-05-05 15:50:42,b'Productive day \xf0\x9f\x93\x9a\xe2\x9c\x8d\xef\xb8\x8f\nDo you find iPad useful? Tell us in the comments \xf0\x9f\x98\x80\nFollow us for more posts with Apple products!\xe2\x80\xa6 https://t.co/FUOVyJ9EN8'
2019-05-05 15:49:18,b'For iPhone X XS Max XR Shockproof Plating Clear Slim Hybrid Bumper Case Cover\nPrice: $4.95\nBuy at eBay here:\xe2\x80\xa6 https://t.co/3BShFM2SpQ'
2019-05-05 14:00:00,b'Labrador Retriever Dog Lover iPhone XS Max Case https://t.co/Nwaj2SSJ4R via @zazzle #doglovers #DogLover #labrador\xe2\x80\xa6 https://t.co/8aT0cn13BB'
2019-05-05 13:17:05,b'For iPhone X XS Max XR Shockproof Plating Clear Slim Hybrid Bumper Case Cover\nPrice: $4.95\nBuy at eBay here:\xe2\x80\xa6 https://t.co/YEHfH18ZE0'
2019-05-05 13:07:23,"b'Meer\'s World: iPhone Xs Max 6.5"" At Best Price, Fully Unlocked GSM+CDMA, Gold, Gray or Silver | Best Smartphone\xe2\x80\xa6 https://t.co/eeBUCluyQv'"
2019-05-05 12:36:46,b'Tech Armor\n iPhone Xs Max Screen Protection &amp; Accessories\nClick and Buy Here: https://t.co/a1dkdo4gpp \n\n#iphone scr\xe2\x80\xa6 https://t.co/SEXv1bLITd'
2019-05-05 12:15:41,b'RT @AR72014: #wallpapers #iPhone \n#iPhoneXSMax #iPhoneXS #iPhoneX #iPhoneXR \n\nBlue Sky #wallpaper for\n\n- iPhone XS MAX - iPhone XR\nhttps://\xe2\x80\xa6'
2019-05-05 10:48:32,b'#iPhone XS Max \xc2\xa31500 or \xc2\xa384/\xc2\xa394 per month 24 month contracts 2019 @Apple loses %17 sales resulting in 2 billion loses. Greedy bad #Apple.'
2019-05-05 10:24:38,"b""Mother's Day is coming. What do you think is the best gift for your mom?\n#mother'sday #gift #mother'sgift\xe2\x80\xa6 https://t.co/7JFo2B78Ho"""
2019-05-05 08:45:04,b'RT @AR72014: #wallpapers #iPhone \n#iPhoneXSMax #iPhoneXS #iPhoneX #iPhoneXR \n\nVisual Stripes Blue #wallpaper for\n\n- iPhone XS MAX - iPhone\xe2\x80\xa6'
2019-05-05 08:44:38,"b'RT @ramaraobobby: At $1,500, the iPhone XS Max isn\xe2\x80\x99t made for every budget. For some people, it\xe2\x80\x99s worth the astronomical price tag. https:/\xe2\x80\xa6'"
2019-05-05 05:40:04,b'RT @AR72014: #RT #wallpapers #iPhone #iPhoneXSMax #iPhoneXS #iPhoneX #iPhoneXR \n\n10 new exclusive #wallpaper for \n\n- iPhone XS MAX \n- iPhon\xe2\x80\xa6'
2019-05-05 05:05:39,b'RT @CrypticJappe: iPhone XS Max 512GB Giveaway\xf0\x9f\x93\xb2\xe2\x9a\xa1\xef\xb8\x8f\n\nTo Enter: \n\n\xe2\x9c\x85Retweet \n\xe2\x9c\x85Follow @CrypticJappe \n\xe2\x9c\x85Comment \xe2\x80\x9cDone\xe2\x80\x9d Once Completed \n\nEnds in 48\xe2\x80\xa6'
2019-05-05 04:36:08,b'Sun moon stars white galaxy \xe2\x80\x93 CASETiFY\n\n#iphone #Apple #iphonecase #sunmoonstars  https://t.co/UILfaEotvQ'
2019-05-05 04:35:36,b'Beautiful starry night \xe2\x80\x93 CASETiFY\n\n#iphone #Apple #iphonecase #stars  https://t.co/RqRDkAtbXT'
2019-05-05 03:25:55,b'RT @AR72014: #wallpapers #iPhone \n#iPhoneXSMax #iPhoneXS #iPhoneX #iPhoneXR \n\nBlue Sky #wallpaper for\n\n- iPhone XS MAX - iPhone XR\nhttps://\xe2\x80\xa6'
2019-05-05 02:56:28,b'After many years using this old phone I finally upgrade to Spectrum services and got myself the iPhone XS Max. Now\xe2\x80\xa6 https://t.co/plmrrdnF1e'
2019-05-05 01:50:01,b'[Setup] Assassin\xe2\x80\x99s Creed - LS and HS - iPhone XS Max (12.1.1) via /r/iOSthemes https://t.co/di13osDtqJ\n#ios #iphone\xe2\x80\xa6 https://t.co/l4LBEook6f'
2019-05-05 01:02:48,"b'At $1,500, the iPhone XS Max isn\xe2\x80\x99t made for every budget. For some people, it\xe2\x80\x99s worth the astronomical price tag.\xe2\x80\xa6 https://t.co/6w6cbRwxE3'"
2019-05-04 21:14:50,"b'How to take a screenshot on iPhone X, XS, XS Max and XR\nhttps://t.co/bBjqOrIXmn\n#xr #howto #iphonex #take #max #xs\xe2\x80\xa6 https://t.co/mnS9a2vDVz'"
2019-05-04 20:46:33,b'RT @AR72014: #wallpapers #iPhone \n#iPhoneXSMax #iPhoneXS #iPhoneX #iPhoneXR \n\nBlue Sky #wallpaper for\n\n- iPhone XS MAX - iPhone XR\nhttps://\xe2\x80\xa6'
2019-05-04 19:45:03,"b'512GB Apple iPhone Xs Max for $1219 at Gazelle. $230 off! No contract, 30-day return. #apple #iphone #iphonexsmax https://t.co/Y9sxjuOrN8'"
2019-05-04 19:39:54,b'The Apple iPhone really needs to support Swype on their core keyboard. It makes typing easier especially on a XS Ma\xe2\x80\xa6 https://t.co/9LnWHuFLb4'
2019-05-04 19:31:35,"b'for iPhone Adapter, Headphone Jack Adapter for iPhone 6/7/8/10/X/6 Plus/7 Plus/8 Plus/XS/XS MAX/XR Dongle, Headset\xe2\x80\xa6 https://t.co/z0b3QTvpSk'"
2019-05-04 19:20:36,b'RT @AR72014: #wallpapers #iPhone \n#iPhoneXSMax #iPhoneXS #iPhoneX #iPhoneXR \n\nBlue Sky #wallpaper for\n\n- iPhone XS MAX - iPhone XR\nhttps://\xe2\x80\xa6'
2019-05-04 18:55:04,"b'256GB Apple iPhone Xs Max for $1059 at Gazelle. $190 off! No contract, 30-day return. #apple #iphone #iphonexsmax https://t.co/qbGpCQe9wS'"
2019-05-04 18:30:08,b'RT @AR72014: #wallpapers #iPhone \n#iPhoneXSMax #iPhoneXS #iPhoneX #iPhoneXR \n\nBlue Red #wallpaper for\n\n- iPhone XS MAX - iPhone XR\nhttps://\xe2\x80\xa6'
2019-05-04 18:24:17,b'RT @AR72014: #wallpapers #iPhone \n#iPhoneXSMax #iPhoneXS #iPhoneX #iPhoneXR \n\nBlue Sky #wallpaper for\n\n- iPhone XS MAX - iPhone XR\nhttps://\xe2\x80\xa6'
2019-05-04 17:50:04,"b'64GB Apple iPhone Xs Max for $929 at Gazelle. $170 off! No contract, 30-day return. #apple #iphone #iphonexsmax https://t.co/iLrXXinU19'"
2019-05-04 17:32:23,b'RT @AR72014: #wallpapers #iPhone \n#iPhoneXSMax #iPhoneXS #iPhoneX #iPhoneXR \n\nBlue Sky #wallpaper for\n\n- iPhone XS MAX - iPhone XR\nhttps://\xe2\x80\xa6'
2019-05-04 17:09:02,b'RT @AR72014: #wallpapers #iPhone \n#iPhoneXSMax #iPhoneXS #iPhoneX #iPhoneXR \n\nBlue Red #wallpaper for\n\n- iPhone XS MAX - iPhone XR\nhttps://\xe2\x80\xa6'
2019-05-04 16:26:29,b'Tech Armor\n iPhone Xs Max Screen Protection &amp; Accessories\nClick and Buy Here: https://t.co/a1dkdo4gpp \n\n#iphone scr\xe2\x80\xa6 https://t.co/jAEt5KDyY2'
2019-05-04 15:37:16,b'RT @AR72014: #wallpapers #iPhone \n#iPhoneXSMax #iPhoneXS #iPhoneX #iPhoneXR \n\nBlue Sky #wallpaper for\n\n- iPhone XS MAX - iPhone XR\nhttps://\xe2\x80\xa6'
2019-05-04 15:34:59,b'RT @AR72014: #wallpapers #iPhone \n#iPhoneXSMax #iPhoneXS #iPhoneX #iPhoneXR \n\nBlue Sky #wallpaper for\n\n- iPhone XS MAX - iPhone XR\nhttps://\xe2\x80\xa6'
2019-05-04 15:23:37,b'RT @AR72014: #wallpapers #iPhone \n#iPhoneXSMax #iPhoneXS #iPhoneX #iPhoneXR \n\nBlue Sky #wallpaper for\n\n- iPhone XS MAX - iPhone XR\nhttps://\xe2\x80\xa6'
2019-05-04 15:18:52,b'RT @AR72014: #wallpapers #iPhone \n#iPhoneXSMax #iPhoneXS #iPhoneX #iPhoneXR \n\nBlue Sky #wallpaper for\n\n- iPhone XS MAX - iPhone XR\nhttps://\xe2\x80\xa6'
2019-05-04 15:01:28,b'For iPhone X XS Max XR Shockproof Plating Clear Slim Hybrid Bumper Case Cover\nPrice: $4.95\nBuy at eBay here:\xe2\x80\xa6 https://t.co/PgOOVVdfeB'
2019-05-04 14:50:00,b'RT @AR72014: #wallpapers #iPhone \n#iPhoneXSMax #iPhoneXS #iPhoneX #iPhoneXR \n\nBlue Sky #wallpaper for\n\n- iPhone XS MAX - iPhone XR\nhttps://\xe2\x80\xa6'
2019-05-04 14:29:35,b'RT @AR72014: #wallpapers #iPhone \n#iPhoneXSMax #iPhoneXS #iPhoneX #iPhoneXR \n\nBlue Sky #wallpaper for\n\n- iPhone XS MAX - iPhone XR\nhttps://\xe2\x80\xa6'
2019-05-04 14:24:59,b'RT @AR72014: #wallpapers #iPhone \n#iPhoneXSMax #iPhoneXS #iPhoneX #iPhoneXR \n\nBlue Sky #wallpaper for\n\n- iPhone XS MAX - iPhone XR\nhttps://\xe2\x80\xa6'
2019-05-04 14:21:42,"b""iPhone X specs vs. iPhone XS, XS Max, XR: What's new and better #iPhone  https://t.co/w6VBYutuY2"""
2019-05-04 14:02:15,b'RT @AR72014: #wallpapers #iPhone \n#iPhoneXSMax #iPhoneXS #iPhoneX #iPhoneXR \n\nBlue Sky #wallpaper for\n\n- iPhone XS MAX - iPhone XR\nhttps://\xe2\x80\xa6'
2019-05-04 13:54:49,b'For iPhone X XS Max XR Shockproof Plating Clear Slim Hybrid Bumper Case Cover\nPrice: $4.95\nBuy at eBay here:\xe2\x80\xa6 https://t.co/NOSmwj1i1r'
2019-05-04 13:25:37,b'#wallpapers #iPhone \n#iPhoneXSMax #iPhoneXS #iPhoneX #iPhoneXR \n\nBlue Sky #wallpaper for\n\n- iPhone XS MAX - iPhone\xe2\x80\xa6 https://t.co/phGkaCgt79'
2019-05-04 12:38:08,b'Tech Armor\n iPhone Xs Max Screen Protection &amp; Accessories\nClick and Buy Here: https://t.co/a1dkdo4gpp \n\n#iphone scr\xe2\x80\xa6 https://t.co/P0AZffSB97'
2019-05-04 12:22:01,b'Supply Change Report States #Apple Is Launching A New #Premium #iPhone Range\nhttps://t.co/gvv6dtQQSI'
2019-05-04 11:25:01,"b""#iPhone XS specs vs. XS Max, XR, X: What's the same and different! is now Trending on Tech - Shopping - Deals - New\xe2\x80\xa6 https://t.co/BXyCmd6u5T"""
2019-05-04 10:37:09,b'Hot Sport Stripes Phone Case iPhone 6 6s Plus 7 8 Plus X XR XS Max\nPrice : 16$ &amp; Free Shipping\n@realcasepeace\xe2\x80\xa6 https://t.co/2t732RkKpU'
2019-05-04 09:44:39,b'RT @AR72014: #wallpapers #iPhone \n#iPhoneXSMax #iPhoneXS #iPhoneX #iPhoneXR #macos #macosmojave \n\nDownload ALL MacOS Mojave Dynamic Modd #w\xe2\x80\xa6'
2019-05-04 07:20:04,"b'RT @ElementCASE: Rock-hard protection for your iPhone X/XS, XS Max, or XR courtesy of BLACK OPS 2018 by @ElementCASE.\n\xe2\x9e\xa1\xef\xb8\x8f https://t.co/bNurP\xe2\x80\xa6'"
2019-05-04 05:54:33,"b""Here's how, when, and where to buy the new iPhone XS, iPhone XS Max, and iPhone XR. https://t.co/A00X01w30I U.S. Ce\xe2\x80\xa6 https://t.co/QzdAlcZpPA"""
2019-05-04 05:44:13,"b""RT @syedshahzadalam: #Apple's Shocking New #iPhone Design Suddenly Takes Shape - https://t.co/1ntvsg4UmC #Technology"""
2019-05-04 05:43:03,"b""#Apple's Shocking New #iPhone Design Suddenly Takes Shape - https://t.co/1ntvsg4UmC #Technology"""
2019-05-04 03:46:01,b'Gold iPhone Xs Max in The House!!!! #gold #glam #iPhone #Apple @Apple https://t.co/HEeKeefAg5'
2019-05-04 02:27:44,b'RT @Chrisdexter1: $4.99 For Apple #iPhone XS Max/XR/XS/X/8/7/Plus Transparent Clear Slim #Cover #Phone Case https://t.co/dByJlr6aTG via @pi\xe2\x80\xa6'
2019-05-04 02:26:07,b'RT @Chrisdexter1: $4.99 For Apple #iPhone XS Max/XR/XS/X/8/7/Plus Transparent Clear Slim #Cover #Phone Case https://t.co/dByJlr6aTG via @pi\xe2\x80\xa6'
2019-05-04 02:23:48,b'RT @Chrisdexter1: $4.99 For Apple #iPhone XS Max/XR/XS/X/8/7/Plus Transparent Clear Slim #Cover #Phone Case https://t.co/dByJlr6aTG via @pi\xe2\x80\xa6'
2019-05-04 00:58:12,"b'Rock-hard protection for your iPhone X/XS, XS Max, or XR courtesy of BLACK OPS 2018 by @ElementCASE.\n\xe2\x9e\xa1\xef\xb8\x8f\xe2\x80\xa6 https://t.co/YMHJDFi40J'"
2019-05-03 23:43:00,"b'OSMCELL Magnetic Wireless Charger for Apple Watch, Compatible for iWatch Series 4/3/2/1, 2 in 1 Charging Pad Stand\xe2\x80\xa6 https://t.co/BvUNTQJ8bs'"
2019-05-03 22:34:04,b'Shockproof Armor Cases Covers For iPhone Models #armor #Cases #CasesampCovers #Covers #iPhone #Models #Shockproof\xe2\x80\xa6 https://t.co/oRofR0Dyy0'
2019-05-03 19:45:04,"b'512GB Apple iPhone Xs Max for $1219 at Gazelle. $230 off! No contract, 30-day return. #apple #iphone #iphonexsmax https://t.co/s5dWWObXx3'"
2019-05-03 19:36:52,b'#iPhone XS Max finally loses in speed test\nhttps://t.co/OWoikGYWS3'
2019-05-03 18:55:05,"b'256GB Apple iPhone Xs Max for $1059 at Gazelle. $190 off! No contract, 30-day return. #apple #iphone #iphonexsmax https://t.co/1WIi8XN7fJ'"
2019-05-03 18:41:44,b'What\xe2\x80\x99s on my iPhone Xs max? 2018 MUST HAVE APPS!\nhttps://t.co/7FpKHIaFpA #iphone #iphonex #iphonexs #iphonexsmax #iphonexmax'
2019-05-03 18:10:03,"b'Used a new @xtremeskinsuk to hide the broken back of a #iPhone XS Max, I think the case is holding the whole thing\xe2\x80\xa6 https://t.co/8LV7DenJHW'"
2019-05-03 18:03:53,b'Tech Armor\n iPhone Xs Max Screen Protection &amp; Accessories\nClick and Buy Here: https://t.co/a1dkdo4gpp \n\n#iphone scr\xe2\x80\xa6 https://t.co/pK3LcP7jyy'
2019-05-03 17:50:03,"b'64GB Apple iPhone Xs Max for $929 at Gazelle. $170 off! No contract, 30-day return. #apple #iphone #iphonexsmax https://t.co/NnU07sg7o9'"
2019-05-03 17:29:12,b'RT @AR72014: #wallpapers #iPhone \n#iPhoneXSMax #iPhoneXS #iPhoneX #iPhoneXR \n\nFire Bands #wallpaper for\n\n- iPhone XS MAX - iPhone XR\nhttps:\xe2\x80\xa6'
2019-05-03 16:26:23,b'Really pleased with my @GEAR4 Crystal Palace case for my @Apple #iPhone Xs Max.\nDid it\xe2\x80\x99s job when I dropped my phon\xe2\x80\xa6 https://t.co/wCioaN4yty'
2019-05-03 15:55:02,b'RT @AR72014: #wallpapers #iPhone \n#iPhoneXSMax #iPhoneXS #iPhoneX #iPhoneXR \n\nVisual Stripes Blue #wallpaper for\n\n- iPhone XS MAX - iPhone\xe2\x80\xa6'
2019-05-03 15:48:05,b'RT @AR72014: #wallpapers #iPhone \n#iPhoneXSMax #iPhoneXS #iPhoneX #iPhoneXR \n\nFire Bands #wallpaper for\n\n- iPhone XS MAX - iPhone XR\nhttps:\xe2\x80\xa6'
2019-05-03 15:14:50,b'For iPhone X XS Max XR Shockproof Plating Clear Slim Hybrid Bumper Case Cover\nPrice: $4.95\nBuy at eBay here:\xe2\x80\xa6 https://t.co/UhurWyqXMb'
2019-05-03 15:07:03,b'RT @AR72014: #wallpapers #iPhone \n#iPhoneXSMax #iPhoneXS #iPhoneX #iPhoneXR \n\nVisual Stripes Blue #wallpaper for\n\n- iPhone XS MAX - iPhone\xe2\x80\xa6'
2019-05-03 14:39:05,b'RT @AR72014: #wallpapers #iPhone \n#iPhoneXSMax #iPhoneXS #iPhoneX #iPhoneXR \n\nVisual Stripes Blue #wallpaper for\n\n- iPhone XS MAX - iPhone\xe2\x80\xa6'
2019-05-03 14:35:17,b'RT @AR72014: #wallpapers #iPhone \n#iPhoneXSMax #iPhoneXS #iPhoneX #iPhoneXR \n\nVisual Stripes Blue #wallpaper for\n\n- iPhone XS MAX - iPhone\xe2\x80\xa6'
2019-05-03 14:23:17,b'RT @AR72014: #wallpapers #iPhone \n#iPhoneXSMax #iPhoneXS #iPhoneX #iPhoneXR \n\nVisual Stripes Blue #wallpaper for\n\n- iPhone XS MAX - iPhone\xe2\x80\xa6'
2019-05-03 14:15:17,b'RT @AR72014: #wallpapers #iPhone \n#iPhoneXSMax #iPhoneXS #iPhoneX #iPhoneXR \n\nVisual Stripes Blue #wallpaper for\n\n- iPhone XS MAX - iPhone\xe2\x80\xa6'
2019-05-03 14:13:51,b'RT @AR72014: #wallpapers #iPhone \n#iPhoneXSMax #iPhoneXS #iPhoneX #iPhoneXR \n\nVisual Stripes Blue #wallpaper for\n\n- iPhone XS MAX - iPhone\xe2\x80\xa6'
2019-05-03 13:28:51,b'RT @AR72014: #wallpapers #iPhone \n#iPhoneXSMax #iPhoneXS #iPhoneX #iPhoneXR \n\nVisual Stripes Blue #wallpaper for\n\n- iPhone XS MAX - iPhone\xe2\x80\xa6'
2019-05-03 13:24:58,b'RT @AR72014: #wallpapers #iPhone \n#iPhoneXSMax #iPhoneXS #iPhoneX #iPhoneXR \n\nVisual Stripes Blue #wallpaper for\n\n- iPhone XS MAX - iPhone\xe2\x80\xa6'
2019-05-03 13:15:58,b'RT @AR72014: #wallpapers #iPhone \n#iPhoneXSMax #iPhoneXS #iPhoneX #iPhoneXR \n\nVisual Stripes Blue #wallpaper for\n\n- iPhone XS MAX - iPhone\xe2\x80\xa6'
2019-05-03 13:13:44,b'RT @AR72014: #wallpapers #iPhone \n#iPhoneXSMax #iPhoneXS #iPhoneX #iPhoneXR \n\nVisual Stripes Blue #wallpaper for\n\n- iPhone XS MAX - iPhone\xe2\x80\xa6'
2019-05-03 13:10:13,b'RT @AR72014: #wallpapers #iPhone \n#iPhoneXSMax #iPhoneXS #iPhoneX #iPhoneXR \n\nVisual Stripes Blue #wallpaper for\n\n- iPhone XS MAX - iPhone\xe2\x80\xa6'
2019-05-03 12:59:29,b'RT @AR72014: #wallpapers #iPhone \n#iPhoneXSMax #iPhoneXS #iPhoneX #iPhoneXR \n\nVisual Stripes Blue #wallpaper for\n\n- iPhone XS MAX - iPhone\xe2\x80\xa6'
2019-05-03 12:50:13,b'#wallpapers #iPhone \n#iPhoneXSMax #iPhoneXS #iPhoneX #iPhoneXR \n\nVisual Stripes Blue #wallpaper for\n\n- iPhone XS MA\xe2\x80\xa6 https://t.co/Skh7ouZJQa'
2019-05-03 11:43:18,b'RT @croquetadeamor: 10D Tempered Glass For iPhone XS Max XR X 7 6 6s 7 8 Plus https://t.co/rfv66dtYyc #iPhone #Cheap #Offer #Phone #GlassPr\xe2\x80\xa6'
2019-05-03 11:42:43,"b'""Make your Dreams Come True""\n\nWin Free #Jackpot\xf0\x9f\x8e\x81 #iPhone XS\nStart Playing\xe2\x9e\xa1\xef\xb8\x8f https://t.co/QNsoVkVlHN\n\n#ArabBoss\xe2\x80\xa6 https://t.co/5BYsPW9wiU'"
2019-05-03 11:38:20,b'10D Tempered Glass For iPhone XS Max XR X 7 6 6s 7 8 Plus https://t.co/rfv66dtYyc #iPhone #Cheap #Offer #Phone #GlassProtector #PhoneCase'
2019-05-03 11:31:44,b'RT @croquetadeamor: MEIZE 9D Protective Glass for iPhone 7 Screen Protector iPhone 8 Xr Xs Xs Max Tempered Glass on iPhone X 6 6s 7 8 Plus\xe2\x80\xa6'
2019-05-03 11:31:37,b'RT @croquetadeamor: Waterproof Gym Sports Running Armband for iPhone 8 7 4 5 5S 5C SE 6 6s 8 Plus X XS Max XR Case Phone Case Cover Holder\xe2\x80\xa6'
2019-05-03 11:31:35,b'RT @croquetadeamor: Tempered Glass For iPhone XS XR XS MAX Screen Protector Cover For iPhone 8 X 7 6 6S Plus 5 5S SE XS 6.1 6.5 5.8 inch 20\xe2\x80\xa6'
2019-05-03 11:30:56,b'RT @croquetadeamor: 9D protective glass for iPhone 6 6S 7 8 https://t.co/Gb8LO2fBlH #iPhone #Cheap #Offer #Phone #GlassProtector #PhoneCase'
2019-05-03 11:29:27,b'MEIZE 9D Protective Glass for iPhone 7 Screen Protector iPhone 8 Xr Xs Xs Max Tempered Glass on iPhone X 6 6s 7 8 P\xe2\x80\xa6 https://t.co/vI2hrK8Acx'
2019-05-03 11:29:12,b'Waterproof Gym Sports Running Armband for iPhone 8 7 4 5 5S 5C SE 6 6s 8 Plus X XS Max XR Case Phone Case Cover Hol\xe2\x80\xa6 https://t.co/MBJdfbrHFk'
2019-05-03 11:29:04,b'Tempered Glass For iPhone XS XR XS MAX Screen Protector Cover For iPhone 8 X 7 6 6S Plus 5 5S SE XS 6.1 6.5 5.8 inc\xe2\x80\xa6 https://t.co/YfLCv09OGg'
2019-05-03 11:26:34,b'9D protective glass for iPhone 6 6S 7 8 https://t.co/Gb8LO2fBlH #iPhone #Cheap #Offer #Phone #GlassProtector #PhoneCase'
2019-05-03 11:14:57,"b""RT @irzomusic: How to detect a FAKE iPhone Xs Max. I decided to upload this to help you guys so that you won't fall to this type of scam ev\xe2\x80\xa6"""
2019-05-03 10:54:56,b'RT @AR72014: #wallpapers #iPhone \n#iPhoneXSMax #iPhoneXS #iPhoneX #iPhoneXR #GameofThones \n\nGame of Thones Tribute #wallpaper for\n\n- iPhone\xe2\x80\xa6'
2019-05-03 10:54:35,b'RT @AR72014: #wallpapers #iPhone \n#iPhoneXSMax #iPhoneXS #iPhoneX #iPhoneXR \n\nFire Bands #wallpaper for\n\n- iPhone XS MAX - iPhone XR\nhttps:\xe2\x80\xa6'
2019-05-03 10:53:59,"b""How to detect a FAKE iPhone Xs Max. I decided to upload this to help you guys so that you won't fall to this type o\xe2\x80\xa6 https://t.co/hUSt3EUvzT"""
2019-05-03 10:43:14,b'RT @AR72014: #wallpapers #iPhone \n#iPhoneXSMax #iPhoneXS #iPhoneX #iPhoneXR \n\nGeometric Multicolors #wallpaper for\n\n- iPhone XS MAX - iPhon\xe2\x80\xa6'
2019-05-03 09:05:03,b'CIB Phones Cases \xf0\x9f\x93\xb1\nAvailable for:\nSamsung Galaxy S7 to S9 \xe2\x9c\x94\niPhone 6 to iPhone XS Max \xe2\x9c\x94\n\nShop \xf0\x9f\x8c\x8e\xe2\x80\xa6 https://t.co/SxiSoluGVw'
2019-05-03 09:03:28,b'Let us help you out. #Buy #iPhone #XS or #iPhone #XS #Max from #Aptronix. Visit your nearest #store or #log #on to\xe2\x80\xa6 https://t.co/DBp1gAYCe5'
2019-05-03 08:24:12,b'#Apple #iPhone X/Xs/Xs Max/XR #Case #VRS [Crystal Chrome] Clear Slim #BackCover only $9.99!\n#eBay:\xe2\x80\xa6 https://t.co/eem3nDZRxT'
2019-05-03 07:45:55,b'RT @AR72014: #wallpapers #iPhone \n#iPhoneXSMax #iPhoneXS #iPhoneX #iPhoneXR \n\nGeometric Multicolors #wallpaper for\n\n- iPhone XS MAX - iPhon\xe2\x80\xa6'
2019-05-03 06:42:19,b'RT @AR72014: #wallpapers #iPhone \n#iPhoneXSMax #iPhoneXS #iPhoneX #iPhoneXR \n\nVisual Stripes v2 #wallpaper for\n\n- iPhone XS MAX - iPhone XR\xe2\x80\xa6'
2019-05-03 05:52:18,"b""Apple's Shocking New #iPhone #Design Suddenly Takes Shape #Apple  https://t.co/UnQwOI7fNS"""
2019-05-03 04:55:38,b'$4.99 For Apple #iPhone XS Max/XR/XS/X/8/7/Plus Transparent Clear Slim #Cover #Phone Case https://t.co/dByJlr6aTG via @pinterest'
2019-05-03 04:03:21,b'RT @AR72014: #wallpapers #iPhone \n#iPhoneXSMax #iPhoneXS #iPhoneX #iPhoneXR \n\nGeometric Multicolors #wallpaper for\n\n- iPhone XS MAX - iPhon\xe2\x80\xa6'
2019-05-03 03:30:43,b'RT @AR72014: #wallpapers #iPhone \n#iPhoneXSMax #iPhoneXS #iPhoneX #iPhoneXR \n\nFire Bands #wallpaper for\n\n- iPhone XS MAX - iPhone XR\nhttps:\xe2\x80\xa6'
2019-05-03 03:25:00,b'RT @AR72014: #wallpapers #iPhone \n#iPhoneXSMax #iPhoneXS #iPhoneX #iPhoneXR \n\nGeometric Multicolors #wallpaper for\n\n- iPhone XS MAX - iPhon\xe2\x80\xa6'
2019-05-03 02:15:25,"b""Apple's Shocking New #iPhone Design Suddenly Takes Shape https://t.co/gcr2eW8XQR"""
2019-05-03 02:00:49,"b""See what's inside the box of the #iPhone XS Max. https://t.co/E0QDtJe1g6 #apple #tech #review"""
2019-05-03 01:58:03,b'RT @AR72014: #wallpapers #iPhone \n#iPhoneXSMax #iPhoneXS #iPhoneX #iPhoneXR \n\nFire Bands #wallpaper for\n\n- iPhone XS MAX - iPhone XR\nhttps:\xe2\x80\xa6'
2019-05-03 01:57:57,b'RT @AR72014: #wallpapers #iPhone \n#iPhoneXSMax #iPhoneXS #iPhoneX #iPhoneXR \n\nGeometric Multicolors #wallpaper for\n\n- iPhone XS MAX - iPhon\xe2\x80\xa6'
2019-05-03 01:47:26,b'RT @dharavisual: Shot on iPhone XS Max! #apple #iphone #iPhonegrapher #dharavisual #shotoniphone #shotoniphonexsmax\n#shotoniphonexs #iphone\xe2\x80\xa6'
2019-05-03 00:48:55,"b'Bling Diamond Shiny Bumper Soft Silicon Case For Apple iPhone X, XS, XR, or XS Max. Buy now: Bling Diamond Shiny Bu\xe2\x80\xa6 https://t.co/DcNOWwFwCL'"
2019-05-03 00:42:16,b'Tech Armor\n iPhone Xs Max Screen Protection &amp; Accessories\nClick and Buy Here: https://t.co/a1dkdo4gpp \n\n#iphone scr\xe2\x80\xa6 https://t.co/SPKnKCflAO'
2019-05-03 00:36:58,b'iPhone XS Max Giveaway | Enter to Win a Free 64GB iPhone XS Max https://t.co/UepVcdgh5S\n#apple #iphone'
2019-05-03 00:01:58,"b'iPhone Xs Max Screen Protector, Premium HD Clear Edge Coverage Full Protection 0.33mm Anti Scratch Tempered Glass\n\xf0\x9f\x94\xa5\xe2\x80\xa6 https://t.co/aLsMTviotu'"
2019-05-02 23:46:53,b'Apples Shocking New #IPHONE Design Takes Shape https://t.co/LEqqpqM5pM #Tweet4Mee'
2019-05-02 21:39:00,"b'SPORTLINK Universal Running Armband Sports Wristband Phone Holder with Easy Mount for iPhone X, XS, XS Max, XR, Gal\xe2\x80\xa6 https://t.co/dEsQn5zUG5'"
2019-05-02 20:54:06,b'RT @AR72014: #wallpapers #iPhone \n#iPhoneXSMax #iPhoneXS #iPhoneX #iPhoneXR \n\nFire Bands #wallpaper for\n\n- iPhone XS MAX - iPhone XR\nhttps:\xe2\x80\xa6'
2019-05-02 20:46:07,b'RT @AR72014: #wallpapers #iPhone \n#iPhoneXSMax #iPhoneXS #iPhoneX #iPhoneXR \n\nFire Bands #wallpaper for\n\n- iPhone XS MAX - iPhone XR\nhttps:\xe2\x80\xa6'
2019-05-02 20:19:39,b'RT @AR72014: #wallpapers #iPhone \n#iPhoneXSMax #iPhoneXS #iPhoneX #iPhoneXR \n\nGeometric Multicolors #wallpaper for\n\n- iPhone XS MAX - iPhon\xe2\x80\xa6'
2019-05-02 19:53:22,b'RT @AR72014: #wallpapers #iPhone \n#iPhoneXSMax #iPhoneXS #iPhoneX #iPhoneXR \n\nGeometric Multicolors #wallpaper for\n\n- iPhone XS MAX - iPhon\xe2\x80\xa6'
2019-05-02 19:45:09,"b'512GB Apple iPhone Xs Max for $1219 at Gazelle. $230 off! No contract, 30-day return. #apple #iphone #iphonexsmax https://t.co/qE6YhXYhTI'"
2019-05-02 19:22:24,b'RT @AR72014: #wallpapers #iPhone \n#iPhoneXSMax #iPhoneXS #iPhoneX #iPhoneXR #macos #macosmojave \n\nDownload ALL MacOS Mojave Dynamic Modd #w\xe2\x80\xa6'
2019-05-02 19:05:29,"b'#iPhone XS Max finally loses a speed test to a Samsung flagship, the Galaxy S10+\nhttps://t.co/anwxImmLOR'"
2019-05-02 18:55:08,"b'256GB Apple iPhone Xs Max for $1059 at Gazelle. $190 off! No contract, 30-day return. #apple #iphone #iphonexsmax https://t.co/kBxnflQgoE'"
2019-05-02 18:28:29,"b'RT @GenesQueen1: \xf0\x9f\x8f\x86\xf0\x9f\x8f\x86\xf0\x9f\x8f\x86 #GOLD #iPhoneXSMax Check out Case Mate Waterfall Case New 2018 #iPhone 6.5"" 6.5 GOLD GLITTER EFFECTS XS MAX https://t.\xe2\x80\xa6'"
2019-05-02 18:21:37,b'Whats the issue in iphone xs max. Its hanging too much from last few days. #apple #iphonexsmax #iphone'
2019-05-02 18:19:02,"b'\xf0\x9f\x8f\x86\xf0\x9f\x8f\x86\xf0\x9f\x8f\x86 #GOLD #iPhoneXSMax Check out Case Mate Waterfall Case New 2018 #iPhone 6.5"" 6.5 GOLD GLITTER EFFECTS XS MAX\xe2\x80\xa6 https://t.co/mPYHQVM26O'"
2019-05-02 18:15:41,b'RT @AR72014: #wallpapers #iPhone \n#iPhoneXSMax #iPhoneXS #iPhoneX #iPhoneXR \n\nFire Bands #wallpaper for\n\n- iPhone XS MAX - iPhone XR\nhttps:\xe2\x80\xa6'
2019-05-02 17:50:06,"b'64GB Apple iPhone Xs Max for $929 at Gazelle. $170 off! No contract, 30-day return. #apple #iphone #iphonexsmax https://t.co/ZukWky7hcO'"
2019-05-02 17:40:02,"b'\xe2\xad\x90\xef\xb8\x8f\xe2\xad\x90\xef\xb8\x8f\xe2\xad\x90\xef\xb8\x8f\xe2\xad\x90\xef\xb8\x8f\xe2\xad\x90\xef\xb8\x8fSlim Stealth Wallet Case for iPhone Xs Max ONLY $9.99! Buy Now: https://t.co/qcBIbBPNK9 Space for ID, deb\xe2\x80\xa6 https://t.co/QmmbglrSmi'"
2019-05-02 17:26:57,b'RT @AR72014: #wallpapers #iPhone \n#iPhoneXSMax #iPhoneXS #iPhoneX #iPhoneXR \n\nFire Bands #wallpaper for\n\n- iPhone XS MAX - iPhone XR\nhttps:\xe2\x80\xa6'
2019-05-02 17:05:41,b'RT @AR72014: #wallpapers #iPhone \n#iPhoneXSMax #iPhoneXS #iPhoneX #iPhoneXR \n\nFire Bands #wallpaper for\n\n- iPhone XS MAX - iPhone XR\nhttps:\xe2\x80\xa6'
2019-05-02 17:03:42,b'Can someone tell me pls why on the iPhone XS max the photos are so zoomed in on snapchat and Instagram? #Apple #iPhone @Apple'
2019-05-02 17:00:24,b'RT @AR72014: #wallpapers #iPhone \n#iPhoneXSMax #iPhoneXS #iPhoneX #iPhoneXR \n\nFire Bands #wallpaper for\n\n- iPhone XS MAX - iPhone XR\nhttps:\xe2\x80\xa6'
2019-05-02 16:51:43,b'RT @AR72014: #wallpapers #iPhone \n#iPhoneXSMax #iPhoneXS #iPhoneX #iPhoneXR \n\nFire Bands #wallpaper for\n\n- iPhone XS MAX - iPhone XR\nhttps:\xe2\x80\xa6'
2019-05-02 16:46:50,"b'Shot on iPhone XS Max &amp; edited on iPad Pro, Apple Pencil! #apple #iphone #iPhonegrapher #dharavisual #shotoniphone\xe2\x80\xa6 https://t.co/d8JcMZkyQ3'"
2019-05-02 16:41:11,b'RT @AR72014: #wallpapers #iPhone \n#iPhoneXSMax #iPhoneXS #iPhoneX #iPhoneXR \n\nFire Bands #wallpaper for\n\n- iPhone XS MAX - iPhone XR\nhttps:\xe2\x80\xa6'
2019-05-02 16:22:01,b'RT @AR72014: #wallpapers #iPhone \n#iPhoneXSMax #iPhoneXS #iPhoneX #iPhoneXR \n\nGeometric Multicolors #wallpaper for\n\n- iPhone XS MAX - iPhon\xe2\x80\xa6'
2019-05-02 16:17:35,"b'Got myself a new iPhone xs max, one of the best expensive phones in the world right now \xf0\x9f\x94\xa5\xf0\x9f\x92\xb0\xf0\x9f\x92\xb5 #newphone #iphone\xe2\x80\xa6 https://t.co/fowYghxvCr'"
2019-05-02 16:09:39,b'RT @AR72014: #wallpapers #iPhone \n#iPhoneXSMax #iPhoneXS #iPhoneX #iPhoneXR \n\nFire Bands #wallpaper for\n\n- iPhone XS MAX - iPhone XR\nhttps:\xe2\x80\xa6'
2019-05-02 16:05:53,b'#wallpapers #iPhone \n#iPhoneXSMax #iPhoneXS #iPhoneX #iPhoneXR \n\nFire Bands #wallpaper for\n\n- iPhone XS MAX - iPhon\xe2\x80\xa6 https://t.co/gP7ofBIJPF'
2019-05-02 15:43:17,b'Literally work for a phone store &amp; my #iphone xs Max is shit. Keeps call failing. I\xe2\x80\x99m about to switch back to Samsu\xe2\x80\xa6 https://t.co/lUz8eRc7Fm'
2019-05-02 15:34:45,b'RT @AR72014: #wallpapers #iPhone \n#iPhoneXSMax #iPhoneXS #iPhoneX #iPhoneXR \n\nGeometric Multicolors #wallpaper for\n\n- iPhone XS MAX - iPhon\xe2\x80\xa6'
2019-05-02 15:30:29,b'RT @AR72014: #wallpapers #iPhone \n#iPhoneXSMax #iPhoneXS #iPhoneX #iPhoneXR \n\nGeometric Multicolors #wallpaper for\n\n- iPhone XS MAX - iPhon\xe2\x80\xa6'
2019-05-02 15:30:00,b'RT @AR72014: #wallpapers #iPhone \n#iPhoneXSMax #iPhoneXS #iPhoneX #iPhoneXR \n\nGeometric Multicolors #wallpaper for\n\n- iPhone XS MAX - iPhon\xe2\x80\xa6'
2019-05-02 15:21:17,b'RT @AR72014: #wallpapers #iPhone \n#iPhoneXSMax #iPhoneXS #iPhoneX #iPhoneXR \n\nGeometric Multicolors #wallpaper for\n\n- iPhone XS MAX - iPhon\xe2\x80\xa6'
2019-05-02 14:45:32,b'RT @AR72014: #wallpapers #iPhone \n#iPhoneXSMax #iPhoneXS #iPhoneX #iPhoneXR \n\nGeometric Multicolors #wallpaper for\n\n- iPhone XS MAX - iPhon\xe2\x80\xa6'
2019-05-02 14:41:34,b'RT @AR72014: #wallpapers #iPhone \n#iPhoneXSMax #iPhoneXS #iPhoneX #iPhoneXR \n\nGeometric Multicolors #wallpaper for\n\n- iPhone XS MAX - iPhon\xe2\x80\xa6'
2019-05-02 14:30:21,b'https://t.co/pdT3h0uxMj \xe2\x98\x9cAmazon\n#iClever #BoostCube 2nd #Generation 24W Dual USB Wall #Charger with #SmartID\xe2\x80\xa6 https://t.co/NRUBrQwSsO'
2019-05-02 14:06:29,b'Check out New OTTERBOX Symmetry Clear Case for (iPhone 10 Xs Max) Ultra Slim 4392K https://t.co/y3CWVgtOvh \xe2\x81\xa6@eBay\xe2\x81\xa9\xe2\x80\xa6 https://t.co/dzT4yzQ33P'
2019-05-02 14:02:20,b'Coolwee Blue Marble Gold Foil Clear Case for Apple iPhone XS MAX Floral (Fleur Series) Blue\xe2\x80\xa6 https://t.co/LWMysNjp8M'
2019-05-02 13:52:08,"b'RT @AlexSuper4: $6.99 Fosmon #iPhone XS Max 6.5"" Anti Spy Privacy Tempered Glass #Screen #Protector Guard https://t.co/SHCZLBkMuZ via @pint\xe2\x80\xa6'"
2019-05-02 13:32:14,b'RT @AR72014: #wallpapers #iPhone \n#iPhoneXSMax #iPhoneXS #iPhoneX #iPhoneXR \n\nGeometric Multicolors #wallpaper for\n\n- iPhone XS MAX - iPhon\xe2\x80\xa6'
2019-05-02 13:12:34,b'RT @AR72014: #wallpapers #iPhone \n#iPhoneXSMax #iPhoneXS #iPhoneX #iPhoneXR \n\nGeometric Multicolors #wallpaper for\n\n- iPhone XS MAX - iPhon\xe2\x80\xa6'
2019-05-02 13:03:13,b'RT @AR72014: #wallpapers #iPhone \n#iPhoneXSMax #iPhoneXS #iPhoneX #iPhoneXR \n\nGeometric Multicolors #wallpaper for\n\n- iPhone XS MAX - iPhon\xe2\x80\xa6'
2019-05-02 12:52:41,b'RT @AR72014: #wallpapers #iPhone \n#iPhoneXSMax #iPhoneXS #iPhoneX #iPhoneXR \n\nGeometric Multicolors #wallpaper for\n\n- iPhone XS MAX - iPhon\xe2\x80\xa6'
2019-05-02 12:48:20,b'RT @AR72014: #wallpapers #iPhone \n#iPhoneXSMax #iPhoneXS #iPhoneX #iPhoneXR \n\nGeometric Multicolors #wallpaper for\n\n- iPhone XS MAX - iPhon\xe2\x80\xa6'
2019-05-02 12:46:07,b'#wallpapers #iPhone \n#iPhoneXSMax #iPhoneXS #iPhoneX #iPhoneXR \n\nGeometric Multicolors #wallpaper for\n\n- iPhone XS\xe2\x80\xa6 https://t.co/ZhxIjAMMAX'
2019-05-02 12:37:27,b'RT @AR72014: #wallpapers #iPhone \n#iPhoneXSMax #iPhoneXS #iPhoneX #iPhoneXR #GameofThones \n\nGame of Thones Tribute #wallpaper for\n\n- iPhone\xe2\x80\xa6'
2019-05-02 11:34:28,"b'""Astonishingly, one-third of the combined worldwide sales of #iPhoneXS and #iPhoneXSMax was from China. Then what h\xe2\x80\xa6 https://t.co/FuPGZgqEr3'"
2019-05-02 11:34:25,b'RT @AR72014: #wallpapers #iPhone \n#iPhoneXSMax #iPhoneXS #iPhoneX #iPhoneXR \n\nEarth Fantasy v2 #wallpaper for\n\n- iPhone XS MAX - iPhone XR\xe2\x80\xa6'
2019-05-02 11:34:12,"b'RT Dazeinfo ""Astonishingly, one-third of the combined worldwide sales of #iPhoneXS and #iPhoneXSMax was from China.\xe2\x80\xa6 https://t.co/ogNeqR51Y6'"
2019-05-02 11:31:49,"b'RT Dazeinfo ""Astonishingly, one-third of the combined worldwide sales of #iPhoneXS and #iPhoneXSMax was from China.\xe2\x80\xa6 https://t.co/J5tgyi7btG'"
2019-05-02 11:31:03,"b'RT @Dazeinfo: Astonishingly, one-third of the combined worldwide sales of #iPhoneXS and #iPhoneXSMax was from China. Then what happened aft\xe2\x80\xa6'"
2019-05-02 11:30:09,"b'Astonishingly, one-third of the combined worldwide sales of #iPhoneXS and #iPhoneXSMax was from China. Then what ha\xe2\x80\xa6 https://t.co/UmCckMNa7G'"
2019-05-02 11:00:20,b'https://t.co/pdT3h0uxMj \xe2\x98\x9cAmazon\n#iClever #BoostCube 2nd #Generation 24W Dual USB Wall #Charger with #SmartID\xe2\x80\xa6 https://t.co/RLE6QjVQiJ'
2019-05-02 10:39:18,b'RT @AR72014: #wallpapers #iPhone \n#iPhoneXSMax #iPhoneXS #iPhoneX #iPhoneXR #GameofThones \n\nGame of Thones Tribute #wallpaper for\n\n- iPhone\xe2\x80\xa6'
2019-05-02 10:24:56,b'#CANADA #BELL #IPHONE #UNLOCKING #SERVICE \n\nModels:3G/3GS/4/4G/4S/5/5S/5C/6/6+/6S/6S+/7/7+/SE/8/8+/X/Xr/Xs/X\nMax\xe2\x80\xa6 https://t.co/7MjuYKh10n'
2019-05-02 10:19:06,b'RT @AR72014: #wallpapers #iPhone \n#iPhoneXSMax #iPhoneXS #iPhoneX #iPhoneXR \n\nVisual Stripes v2 #wallpaper for\n\n- iPhone XS MAX - iPhone XR\xe2\x80\xa6'
2019-05-02 09:30:24,b'What are your thoughts on the new Iphone design? Does anyone use their smartphones for design work?\xe2\x80\xa6 https://t.co/RGNZQ48rvI'
2019-05-02 08:52:57,b'#iPhone Xs Max XR X 8 Plus 7 Plus 6/6s Plus Armband PORTHOLIC Phone Running Sport Workout Case for Samsung Galaxy S\xe2\x80\xa6 https://t.co/3p7SqLhOF8'
2019-05-02 06:08:06,b'#Apple Accidentally Reveals Radical New #iPhone - https://t.co/dBwXqkBds3 #Technology'
2019-05-02 06:05:19,"b'$6.99 Fosmon #iPhone XS Max 6.5"" Anti Spy Privacy Tempered Glass #Screen #Protector Guard https://t.co/SHCZLBkMuZ via @pinterest'"
2019-05-02 03:44:35,b'RT @AR72014: #wallpapers #iPhone \n#iPhoneXSMax #iPhoneXS #iPhoneX #iPhoneXR #GameofThones \n\nGame of Thones Tribute #wallpaper for\n\n- iPhone\xe2\x80\xa6'
2019-05-02 03:04:49,b'How durable is your iPhone XS/XS Max? Find out here &gt; https://t.co/04uknEvl6h\n\n#iphone #xoneasia #tough\xe2\x80\xa6 https://t.co/8qIj24FPQU'
2019-05-02 02:51:49,b'#Upgrade 10W Qi #Wireless #Charger for #iPhone X/XS #Max 8 Plus #Quick Charge Fast #Mobile Phone Charger for\xe2\x80\xa6 https://t.co/LtsNyMCg55'
2019-05-02 02:22:57,b'RT @AR72014: #wallpapers #iPhone \n#iPhoneXSMax #iPhoneXS #iPhoneX #iPhoneXR #GameofThones \n\nGame of Thones Tribute #wallpaper for\n\n- iPhone\xe2\x80\xa6'
2019-05-02 02:11:59,b'RT @CrypticJappe: iPhone XS Max 512GB Giveaway\xf0\x9f\x93\xb2\xe2\x9a\xa1\xef\xb8\x8f\n\nTo Enter: \n\n\xe2\x9c\x85Retweet \n\xe2\x9c\x85Follow @CrypticJappe \n\xe2\x9c\x85Comment \xe2\x80\x9cDone\xe2\x80\x9d Once Completed \n\nEnds in 48\xe2\x80\xa6'
2019-05-02 00:27:48,b'RT @AR72014: #wallpapers #iPhone \n#iPhoneXSMax #iPhoneXS #iPhoneX #iPhoneXR \n\nVisual Stripes v2 #wallpaper for\n\n- iPhone XS MAX - iPhone XR\xe2\x80\xa6'
2019-05-01 23:06:15,b'RT @AR72014: #wallpapers #iPhone \n#iPhoneXSMax #iPhoneXS #iPhoneX #iPhoneXR \n\nVisual Stripes v2 #wallpaper for\n\n- iPhone XS MAX - iPhone XR\xe2\x80\xa6'
2019-05-01 23:00:00,b'Apple Accidentally Reveals Radical New #iPhone https://t.co/PY0YWPSUcs'
2019-05-01 21:06:59,"b'BlackApple Phone Cases, iPhone 5 to XS Max https://t.co/vyj9NIh7mp #iphone #iphone8 #iphoneX #iphoneXR #scifi\xe2\x80\xa6 https://t.co/uRfowh68AT'"
2019-05-01 20:16:30,b'RT @AR72014: #wallpapers #iPhone \n#iPhoneXSMax #iPhoneXS #iPhoneX #iPhoneXR #GameofThones \n\nGame of Thones Tribute #wallpaper for\n\n- iPhone\xe2\x80\xa6'
2019-05-01 20:09:12,"b'How To #Jailbreak #iPhone XS, Max, XR On iOS 12 With #Chimera https://t.co/5bvxW79zAK #jailbreakios #a12 #ios12'"
2019-05-01 20:06:51,b'RT @AR72014: #wallpapers #iPhone \n#iPhoneXSMax #iPhoneXS #iPhoneX #iPhoneXR #GameofThones \n\nGame of Thones Tribute #wallpaper for\n\n- iPhone\xe2\x80\xa6'
2019-05-01 20:04:29,b'RT @AR72014: #wallpapers #iPhone \n#iPhoneXSMax #iPhoneXS #iPhoneX #iPhoneXR #GameofThones \n\nGame of Thones Tribute #wallpaper for\n\n- iPhone\xe2\x80\xa6'
2019-05-01 19:59:50,b'RT @AR72014: #RT #wallpapers #iPhone #iPhoneXSMax #iPhoneXS #iPhoneX #iPhoneXR \n\n10 new exclusive #wallpaper for \n\n- iPhone XS MAX \n- iPhon\xe2\x80\xa6'
2019-05-01 19:59:23,b'RT @AR72014: #RT #wallpapers #iPhone #iPhoneXSMax #iPhoneXS #iPhoneX #iPhoneXR \n\n10 new exclusive #wallpaper for \n\n- iPhone XS MAX \n- iPhon\xe2\x80\xa6'
2019-05-01 19:45:11,"b'512GB Apple iPhone Xs Max for $1219 at Gazelle. $230 off! No contract, 30-day return. #apple #iphone #iphonexsmax https://t.co/ySBfj60Dn9'"
2019-05-01 19:30:25,b'Apple Accidentally Reveals Radical New iPhone Upgrade #tech #technology #iphone #Apple https://t.co/P7fO2ctPjg https://t.co/1roRIXvONj'
2019-05-01 19:20:17,b'RT @AR72014: #wallpapers #iPhone \n#iPhoneXSMax #iPhoneXS #iPhoneX #iPhoneXR #GameofThones \n\nGame of Thones Tribute #wallpaper for\n\n- iPhone\xe2\x80\xa6'
2019-05-01 19:05:08,b'RT @AR72014: #wallpapers #iPhone \n#iPhoneXSMax #iPhoneXS #iPhoneX #iPhoneXR #GameofThones \n\nGame of Thones Tribute #wallpaper for\n\n- iPhone\xe2\x80\xa6'
2019-05-01 18:55:10,"b'256GB Apple iPhone Xs Max for $1059 at Gazelle. $190 off! No contract, 30-day return. #apple #iphone #iphonexsmax https://t.co/x1D9caBgBn'"
2019-05-01 18:54:32,b'RT @AR72014: #wallpapers #iPhone \n#iPhoneXSMax #iPhoneXS #iPhoneX #iPhoneXR #GameofThones \n\nGame of Thones Tribute #wallpaper for\n\n- iPhone\xe2\x80\xa6'
2019-05-01 18:30:36,b'RT @AR72014: #wallpapers #iPhone \n#iPhoneXSMax #iPhoneXS #iPhoneX #iPhoneXR \n\n3D #wallpaper for\n\n- iPhone XS MAX - iPhone XR\nhttps://t.co/f\xe2\x80\xa6'
2019-05-01 18:24:27,b'RT @AR72014: #wallpapers #iPhone \n#iPhoneXSMax #iPhoneXS #iPhoneX #iPhoneXR #GameofThones \n\nGame of Thones Tribute #wallpaper for\n\n- iPhone\xe2\x80\xa6'
2019-05-01 18:14:51,b'RT @JasonHouckMedia: #Apple Reveals Its Exciting New #iPhone Plans https://t.co/fKUjifdGKh\n\nvia @forbes\n\n#mobile #tech https://t.co/YtR4piw\xe2\x80\xa6'
2019-05-01 18:14:10,b'RT @AR72014: #wallpapers #iPhone \n#iPhoneXSMax #iPhoneXS #iPhoneX #iPhoneXR #GameofThones \n\nGame of Thones Tribute #wallpaper for\n\n- iPhone\xe2\x80\xa6'
2019-05-01 18:04:56,b'RT @AR72014: #wallpapers #iPhone \n#iPhoneXSMax #iPhoneXS #iPhoneX #iPhoneXR #GameofThones \n\nGame of Thones Tribute #wallpaper for\n\n- iPhone\xe2\x80\xa6'
2019-05-01 17:50:08,"b'64GB Apple iPhone Xs Max for $929 at Gazelle. $170 off! No contract, 30-day return. #apple #iphone #iphonexsmax https://t.co/xJ85hNqS7o'"
2019-05-01 17:40:05,"b'\xe2\xad\x90\xef\xb8\x8f\xe2\xad\x90\xef\xb8\x8f\xe2\xad\x90\xef\xb8\x8f\xe2\xad\x90\xef\xb8\x8f\xe2\xad\x90\xef\xb8\x8fSlim Stealth Wallet Case for iPhone Xs Max ONLY $9.99! Buy Now: https://t.co/qcBIbBPNK9 Space for ID, deb\xe2\x80\xa6 https://t.co/lUjZB2ZgSr'"
2019-05-01 17:21:51,b'RT @AR72014: #wallpapers #iPhone \n#iPhoneXSMax #iPhoneXS #iPhoneX #iPhoneXR #GameofThones \n\nGame of Thones Tribute #wallpaper for\n\n- iPhone\xe2\x80\xa6'
2019-05-01 17:13:45,b'RT @AR72014: #wallpapers #iPhone \n#iPhoneXSMax #iPhoneXS #iPhoneX #iPhoneXR #GameofThones \n\nGame of Thones Tribute #wallpaper for\n\n- iPhone\xe2\x80\xa6'
2019-05-01 17:11:10,b'RT @AR72014: #wallpapers #iPhone \n#iPhoneXSMax #iPhoneXS #iPhoneX #iPhoneXR #GameofThones \n\nGame of Thones Tribute #wallpaper for\n\n- iPhone\xe2\x80\xa6'
2019-05-01 17:09:58,b'RT @AR72014: #wallpapers #iPhone \n#iPhoneXSMax #iPhoneXS #iPhoneX #iPhoneXR #GameofThones \n\nGame of Thones Tribute #wallpaper for\n\n- iPhone\xe2\x80\xa6'
2019-05-01 17:09:30,b'RT @AR72014: #wallpapers #iPhone \n#iPhoneXSMax #iPhoneXS #iPhoneX #iPhoneXR #GameofThones \n\nGame of Thones Tribute #wallpaper for\n\n- iPhone\xe2\x80\xa6'
2019-05-01 17:08:01,b'RT @AR72014: #wallpapers #iPhone \n#iPhoneXSMax #iPhoneXS #iPhoneX #iPhoneXR #GameofThones \n\nGame of Thones Tribute #wallpaper for\n\n- iPhone\xe2\x80\xa6'
2019-05-01 17:07:51,b'#wallpapers #iPhone \n#iPhoneXSMax #iPhoneXS #iPhoneX #iPhoneXR #GameofThones \n\nGame of Thones Tribute #wallpaper fo\xe2\x80\xa6 https://t.co/4OpSJikPhj'
2019-05-01 16:26:30,b'Tech Armor\n iPhone Xs Max Screen Protection &amp; Accessories\nClick and Buy Here: https://t.co/a1dkdo4gpp \n\n#iphone scr\xe2\x80\xa6 https://t.co/kWAayMJNPz'
2019-05-01 15:30:35,b'#Apple Reveals Its Exciting New #iPhone Plans https://t.co/fKUjifdGKh\n\nvia @forbes\n\n#mobile #tech https://t.co/YtR4piwMGZ'
2019-05-01 14:49:43,b'For iPhone X XS Max XR Shockproof Plating Clear Slim Hybrid Bumper Case Cover\nPrice: $4.95\nBuy at eBay here:\xe2\x80\xa6 https://t.co/5lp1eoMwQH'
2019-05-01 13:39:43,b'Inspired by Princess Ari herself our new #thankyounext phone cases send your message clear to all those left swipes\xe2\x80\xa6 https://t.co/zPrHCtDhCy'
2019-05-01 13:39:13,b'RT @AR72014: #wallpapers #iPhone \n#iPhoneXSMax #iPhoneXS #iPhoneX #iPhoneXR \n\nVisual Stripes v2 #wallpaper for\n\n- iPhone XS MAX - iPhone XR\xe2\x80\xa6'
2019-05-01 13:34:31,b'RT @AR72014: #wallpapers #iPhone \n#iPhoneXSMax #iPhoneXS #iPhoneX #iPhoneXR \n\nEarth Fantasy v2 #wallpaper for\n\n- iPhone XS MAX - iPhone XR\xe2\x80\xa6'
2019-05-01 12:32:31,b'Tech Armor\n iPhone Xs Max Screen Protection &amp; Accessories\nClick and Buy Here: https://t.co/a1dkdo4gpp \n\n#iphone scr\xe2\x80\xa6 https://t.co/NjL4ncqdnv'
2019-05-01 11:57:12,b'RT @AR72014: #wallpapers #iPhone \n#iPhoneXSMax #iPhoneXS #iPhoneX #iPhoneXR \n\nVisual Stripes v2 #wallpaper for\n\n- iPhone XS MAX - iPhone XR\xe2\x80\xa6'
2019-05-01 11:53:15,b'RT @AR72014: #wallpapers #iPhone \n#iPhoneXSMax #iPhoneXS #iPhoneX #iPhoneXR \n\n#iOS13 Concept #wallpaper (based wall osmojave) for \n\n- iPhon\xe2\x80\xa6'
2019-05-01 11:36:09,b'RT @AR72014: #wallpapers #iPhone \n#iPhoneXSMax #iPhoneXS #iPhoneX #iPhoneXR \n\nVisual Stripes v2 #wallpaper for\n\n- iPhone XS MAX - iPhone XR\xe2\x80\xa6'
2019-05-01 11:32:00,b'RT @AR72014: #wallpapers #iPhone \n#iPhoneXSMax #iPhoneXS #iPhoneX #iPhoneXR \n\nVisual Stripes v2 #wallpaper for\n\n- iPhone XS MAX - iPhone XR\xe2\x80\xa6'
2019-05-01 11:13:39,b'RT @AR72014: #wallpapers #iPhone \n#iPhoneXSMax #iPhoneXS #iPhoneX #iPhoneXR \n\nVisual Stripes v2 #wallpaper for\n\n- iPhone XS MAX - iPhone XR\xe2\x80\xa6'
2019-05-01 10:38:21,b'RT @AR72014: #wallpapers #iPhone \n#iPhoneXSMax #iPhoneXS #iPhoneX #iPhoneXR \n\nVisual Stripes v2 #wallpaper for\n\n- iPhone XS MAX - iPhone XR\xe2\x80\xa6'
2019-05-01 10:37:45,b'RT @AR72014: #wallpapers #iPhone \n#iPhoneXSMax #iPhoneXS #iPhoneX #iPhoneXR \n\n#iOS13 Concept #wallpaper (based wall osmojave) for \n\n- iPhon\xe2\x80\xa6'
2019-05-01 10:17:36,b'RT @AR72014: #wallpapers #iPhone \n#iPhoneXSMax #iPhoneXS #iPhoneX #iPhoneXR \n\nEarth Fantasy  #wallpaper for\n\n- iPhone XS MAX - iPhone XR\nht\xe2\x80\xa6'
2019-05-01 09:53:55,b'RT @AR72014: #wallpapers #iPhone \n#iPhoneXSMax #iPhoneXS #iPhoneX #iPhoneXR \n\nVisual Stripes v2 #wallpaper for\n\n- iPhone XS MAX - iPhone XR\xe2\x80\xa6'
2019-05-01 09:37:05,b'RT @AR72014: #wallpapers #iPhone \n#iPhoneXSMax #iPhoneXS #iPhoneX #iPhoneXR \n\n3D #wallpaper for\n\n- iPhone XS MAX - iPhone XR\nhttps://t.co/f\xe2\x80\xa6'
2019-05-01 09:27:47,b'RT @AR72014: #RT #wallpapers #iPhone #iPhoneXSMax #iPhoneXS #iPhoneX #iPhoneXR \n\n10 new exclusive #wallpaper for \n\n- iPhone XS MAX \n- iPhon\xe2\x80\xa6'
2019-05-01 09:16:00,b'RT @croquetadeamor: Waterproof Gym Sports Running Armband for iPhone 8 7 4 5 5S 5C SE 6 6s 8 Plus X XS Max XR Case Phone Case Cover Holder\xe2\x80\xa6'
2019-05-01 08:49:27,b'RT @AR72014: #wallpapers #iPhone \n#iPhoneXSMax #iPhoneXS #iPhoneX #iPhoneXR \n\n#iOS13 Concept #wallpaper (based wall osmojave) for \n\n- iPhon\xe2\x80\xa6'
2019-05-01 08:41:22,b'Cute Cartoon Phone Cases iPhone 6 6s Plus 7 8 Plus X XR XS MAX\n@realcasepeace\nhttps://t.co/OP0arevKiM\nBuy now:\xe2\x80\xa6 https://t.co/xQSxCqGtb7'
2019-05-01 08:25:43,b'RT @AR72014: #wallpapers #iPhone \n#iPhoneXSMax #iPhoneXS #iPhoneX #iPhoneXR \n\nVisual Stripes v2 #wallpaper for\n\n- iPhone XS MAX - iPhone XR\xe2\x80\xa6'
2019-05-01 08:13:46,b'RT @AR72014: #wallpapers #iPhone \n#iPhoneXSMax #iPhoneXS #iPhoneX #iPhoneXR \n\nVisual Stripes v2 #wallpaper for\n\n- iPhone XS MAX - iPhone XR\xe2\x80\xa6'
2019-05-01 07:51:57,b'RT @AR72014: #wallpapers #iPhone \n#iPhoneXSMax #iPhoneXS #iPhoneX #iPhoneXR \n\nVisual Stripes v2 #wallpaper for\n\n- iPhone XS MAX - iPhone XR\xe2\x80\xa6'
2019-05-01 07:51:41,b'#wallpapers #iPhone \n#iPhoneXSMax #iPhoneXS #iPhoneX #iPhoneXR \n\nVisual Stripes v2 #wallpaper for\n\n- iPhone XS MAX\xe2\x80\xa6 https://t.co/7qmdjeTv6Y'
2019-05-01 07:12:28,"b'#Buy an #iPhone #online at best price from #Aptronix #India. The new #iPhones, #iPhone #XS, #XS #Max and #XR are\xe2\x80\xa6 https://t.co/tm6aKfPp9C'"
2019-05-01 06:19:24,b'@Apple Put some light on face detection unlock. It\xe2\x80\x99s quite unreliable in iPhone XS Max. My son can open with his fa\xe2\x80\xa6 https://t.co/T5tiSFSwJ8'
2019-05-01 06:09:37,b'RT @AR72014: #wallpapers #iPhone \n#iPhoneXSMax #iPhoneXS #iPhoneX #iPhoneXR \n\n3D #wallpaper for\n\n- iPhone XS MAX - iPhone XR\nhttps://t.co/f\xe2\x80\xa6'
2019-05-01 06:09:33,b'RT @AR72014: #wallpapers #iPhone \n#iPhoneXSMax #iPhoneXS #iPhoneX #iPhoneXR \n\n#iOS13 Concept #wallpaper (based wall osmojave) for \n\n- iPhon\xe2\x80\xa6'
2019-05-01 06:02:39,b'RT @AR72014: #wallpapers #iPhone \n#iPhoneXSMax #iPhoneXS #iPhoneX #iPhoneXR \n\n3D #wallpaper for\n\n- iPhone XS MAX - iPhone XR\nhttps://t.co/f\xe2\x80\xa6'
2019-05-01 06:00:49,b'RT @AR72014: #wallpapers #iPhone \n#iPhoneXSMax #iPhoneXS #iPhoneX #iPhoneXR \n\n#iOS13 Concept #wallpaper (based wall osmojave) for \n\n- iPhon\xe2\x80\xa6'
2019-05-01 05:50:09,b'RT @AR72014: #wallpapers #iPhone \n#iPhoneXSMax #iPhoneXS #iPhoneX #iPhoneXR \n\n#iOS13 Concept #wallpaper (based wall osmojave) for \n\n- iPhon\xe2\x80\xa6'
2019-05-01 05:43:50,b'RT @itsnicerightnow: How good is IPhone XS Max Optical Image Stabalisation? Check out this test and find out. This will blow your mind! #iP\xe2\x80\xa6'
2019-05-01 05:37:57,b'RT @AR72014: #wallpapers #iPhone \n#iPhoneXSMax #iPhoneXS #iPhoneX #iPhoneXR \n\n#iOS13 Concept #wallpaper (based wall osmojave) for \n\n- iPhon\xe2\x80\xa6'
2019-05-01 05:15:45,b'RT @AR72014: #wallpapers #iPhone \n#iPhoneXSMax #iPhoneXS #iPhoneX #iPhoneXR \n\n#iOS13 Concept #wallpaper (based wall osmojave) for \n\n- iPhon\xe2\x80\xa6'
2019-05-01 05:14:24,b'RT @AR72014: #wallpapers #iPhone \n#iPhoneXSMax #iPhoneXS #iPhoneX #iPhoneXR \n\n3D #wallpaper for\n\n- iPhone XS MAX - iPhone XR\nhttps://t.co/f\xe2\x80\xa6'
2019-05-01 05:14:16,b'RT @AR72014: #wallpapers #iPhone \n#iPhoneXSMax #iPhoneXS #iPhoneX #iPhoneXR \n\n#iOS13 Concept #wallpaper (based wall osmojave) for \n\n- iPhon\xe2\x80\xa6'
2019-05-01 05:07:14,b'RT @AR72014: #wallpapers #iPhone \n#iPhoneXSMax #iPhoneXS #iPhoneX #iPhoneXR \n\n3D #wallpaper for\n\n- iPhone XS MAX - iPhone XR\nhttps://t.co/f\xe2\x80\xa6'
2019-05-01 05:07:05,b'RT @AR72014: #wallpapers #iPhone \n#iPhoneXSMax #iPhoneXS #iPhoneX #iPhoneXR \n\n#iOS13 Concept #wallpaper (based wall osmojave) for \n\n- iPhon\xe2\x80\xa6'
2019-05-01 04:55:06,b'RT @AR72014: #wallpapers #iPhone \n#iPhoneXSMax #iPhoneXS #iPhoneX #iPhoneXR \n\n3D #wallpaper for\n\n- iPhone XS MAX - iPhone XR\nhttps://t.co/f\xe2\x80\xa6'
2019-05-01 04:54:27,b'RT @AR72014: #wallpapers #iPhone \n#iPhoneXSMax #iPhoneXS #iPhoneX #iPhoneXR \n\n#iOS13 Concept #wallpaper (based wall osmojave) for \n\n- iPhon\xe2\x80\xa6'
2019-05-01 03:57:44,b'ROCK Lightning to 3.5mm Audio Adaptor Cable. Turn your iPhone 7/8/X/XS/XS Max/XR into a 3.5mm audio receptacle.\n\n*\xe2\x80\xa6 https://t.co/rBIi8DvcYf'
2019-05-01 03:22:40,b'STEAL!!!!\n\nOTTERBOXES AT OVER 50% OFF!!!\n\nOtterBox SYMMETRY CLEAR SERIES Case for iPhone Xs Max for only $24.00!\xe2\x80\xa6 https://t.co/ZmsE2CxIfm'
2019-05-01 03:07:28,b'RT @AR72014: #wallpapers #iPhone \n#iPhoneXSMax #iPhoneXS #iPhoneX #iPhoneXR \n\n#iOS13 Concept #wallpaper (based wall osmojave) for \n\n- iPhon\xe2\x80\xa6'
2019-05-01 02:37:15,b'Apple Accidentally Reveals Radical New iPhone #iPhone #Apple #applenews #tech #TechNews #technology #TechnologyNews\xe2\x80\xa6 https://t.co/LaOM5YlcSu'
2019-05-01 01:54:07,b'RT @AR72014: #wallpapers #iPhone \n#iPhoneXSMax #iPhoneXS #iPhoneX #iPhoneXR \n\n#iOS13 Concept #wallpaper (based wall osmojave) for \n\n- iPhon\xe2\x80\xa6'
2019-05-01 01:20:32,b'\xf0\x9f\x93\xb8 Shot like a pro with #DualLens #PhoneCase\nLearn more @ https://t.co/dC5rD9DwvT\n#duallens #phonecase #wideangle\xe2\x80\xa6 https://t.co/6Xa33VI3Fm'
2019-05-01 00:45:39,b'RT @AR72014: #wallpapers #iPhone \n#iPhoneXSMax #iPhoneXS #iPhoneX #iPhoneXR \n\nVisual Stripes #wallpaper for\n\n- iPhone XS MAX - iPhone XR\nht\xe2\x80\xa6'
2019-04-30 23:56:45,b'RT @AR72014: #wallpapers #iPhone \n#iPhoneXSMax #iPhoneXS #iPhoneX #iPhoneXR \n\n#iOS13 Concept #wallpaper (based wall osmojave) for \n\n- iPhon\xe2\x80\xa6'
2019-04-30 23:20:55,b'RT @AR72014: #wallpapers #iPhone \n#iPhoneXSMax #iPhoneXS #iPhoneX #iPhoneXR \n\n#iOS13 Concept #wallpaper (based wall osmojave) for \n\n- iPhon\xe2\x80\xa6'
2019-04-30 23:09:49,b'RT @AR72014: #wallpapers #iPhone \n#iPhoneXSMax #iPhoneXS #iPhoneX #iPhoneXR \n\nVisual Stripes #wallpaper for\n\n- iPhone XS MAX - iPhone XR\nht\xe2\x80\xa6'
2019-04-30 22:54:27,b'RT @AR72014: #wallpapers #iPhone \n#iPhoneXSMax #iPhoneXS #iPhoneX #iPhoneXR \n\n#iOS13 Concept #wallpaper (based wall osmojave) for \n\n- iPhon\xe2\x80\xa6'
2019-04-30 22:49:24,b'RT @AR72014: #wallpapers #iPhone \n#iPhoneXSMax #iPhoneXS #iPhoneX #iPhoneXR \n\nVisual Stripes #wallpaper for\n\n- iPhone XS MAX - iPhone XR\nht\xe2\x80\xa6'
2019-04-30 22:37:54,b'RT @AR72014: #wallpapers #iPhone \n#iPhoneXSMax #iPhoneXS #iPhoneX #iPhoneXR \n\nVisual Stripes #wallpaper for\n\n- iPhone XS MAX - iPhone XR\nht\xe2\x80\xa6'
2019-04-30 22:05:51,b'RT @AR72014: #wallpapers #iPhone \n#iPhoneXSMax #iPhoneXS #iPhoneX #iPhoneXR \n\n3D #wallpaper for\n\n- iPhone XS MAX - iPhone XR\nhttps://t.co/f\xe2\x80\xa6'
2019-04-30 22:04:49,b'RT @AR72014: #wallpapers #iPhone \n#iPhoneXSMax #iPhoneXS #iPhoneX #iPhoneXR \n\n#iOS13 Concept #wallpaper (based wall osmojave) for \n\n- iPhon\xe2\x80\xa6'
2019-04-30 21:44:37,b'RT @AR72014: #wallpapers #iPhone \n#iPhoneXSMax #iPhoneXS #iPhoneX #iPhoneXR \n\n3D #wallpaper for\n\n- iPhone XS MAX - iPhone XR\nhttps://t.co/f\xe2\x80\xa6'
2019-04-30 21:23:40,b'RT @AR72014: #wallpapers #iPhone \n#iPhoneXSMax #iPhoneXS #iPhoneX #iPhoneXR \n\n#iOS13 Concept #wallpaper (based wall osmojave) for \n\n- iPhon\xe2\x80\xa6'
2019-04-30 21:16:33,b'RT @AR72014: #wallpapers #iPhone \n#iPhoneXSMax #iPhoneXS #iPhoneX #iPhoneXR \n\n#iOS13 Concept #wallpaper (based wall osmojave) for \n\n- iPhon\xe2\x80\xa6'
2019-04-30 21:04:03,b'RT @AR72014: #wallpapers #iPhone \n#iPhoneXSMax #iPhoneXS #iPhoneX #iPhoneXR \n\n#iOS13 Concept #wallpaper (based wall osmojave) for \n\n- iPhon\xe2\x80\xa6'
2019-04-30 21:00:16,b'RT @AR72014: #wallpapers #iPhone \n#iPhoneXSMax #iPhoneXS #iPhoneX #iPhoneXR \n\n#iOS13 Concept #wallpaper (based wall osmojave) for \n\n- iPhon\xe2\x80\xa6'
2019-04-30 20:52:30,b'RT @AR72014: #wallpapers #iPhone \n#iPhoneXSMax #iPhoneXS #iPhoneX #iPhoneXR \n\n#iOS13 Concept #wallpaper (based wall osmojave) for \n\n- iPhon\xe2\x80\xa6'
2019-04-30 20:49:56,"b""fuck I'm sick of it. You're not answering my emails. I don't want you to return my money. Liars. @iPAWiND\xe2\x80\xa6 https://t.co/OjyhqPMS6z"""
2019-04-30 20:48:19,b'RT @AR72014: #wallpapers #iPhone \n#iPhoneXSMax #iPhoneXS #iPhoneX #iPhoneXR \n\n#iOS13 Concept #wallpaper (based wall osmojave) for \n\n- iPhon\xe2\x80\xa6'
2019-04-30 20:48:11,b'#wallpapers #iPhone \n#iPhoneXSMax #iPhoneXS #iPhoneX #iPhoneXR \n\n#iOS13 Concept #wallpaper (based wall osmojave) fo\xe2\x80\xa6 https://t.co/whYvTnsT2U'
2019-04-30 20:08:47,b'RT @AR72014: #wallpapers #iPhone \n#iPhoneXSMax #iPhoneXS #iPhoneX #iPhoneXR \n\nVisual Stripes #wallpaper for\n\n- iPhone XS MAX - iPhone XR\nht\xe2\x80\xa6'
2019-04-30 20:07:44,b'Waterproof Gym Sports Running Armband for iPhone 8 7 4 5 5S 5C SE 6 6s 8 Plus X XS Max XR Case Phone Case Cover Hol\xe2\x80\xa6 https://t.co/h87HLg6CTJ'
2019-04-30 20:07:36,b'Tempered Glass For iPhone XS XR XS MAX Screen Protector Cover For iPhone 8 X 7 6 6S Plus 5 5S SE XS 6.1 6.5 5.8 inc\xe2\x80\xa6 https://t.co/i2X8XYMXSy'
2019-04-30 20:02:52,b'RT @AR72014: #wallpapers #iPhone \n#iPhoneXSMax #iPhoneXS #iPhoneX #iPhoneXR \n\n3D #wallpaper for\n\n- iPhone XS MAX - iPhone XR\nhttps://t.co/f\xe2\x80\xa6'
2019-04-30 20:02:45,b'RT @AR72014: #wallpapers #iPhone \n#iPhoneXSMax #iPhoneXS #iPhoneX #iPhoneXR \n\nVisual Stripes #wallpaper for\n\n- iPhone XS MAX - iPhone XR\nht\xe2\x80\xa6'
2019-04-30 20:02:00,b'RT @AR72014: #wallpapers #iPhone \n#iPhoneXSMax #iPhoneXS #iPhoneX #iPhoneXR \n\n3D #wallpaper for\n\n- iPhone XS MAX - iPhone XR\nhttps://t.co/f\xe2\x80\xa6'
2019-04-30 19:59:15,b'RT @AR72014: #wallpapers #iPhone \n#iPhoneXSMax #iPhoneXS #iPhoneX #iPhoneXR \n\n3D #wallpaper for\n\n- iPhone XS MAX - iPhone XR\nhttps://t.co/f\xe2\x80\xa6'
2019-04-30 19:55:34,b'RT @AR72014: #wallpapers #iPhone \n#iPhoneXSMax #iPhoneXS #iPhoneX #iPhoneXR \n\n3D #wallpaper for\n\n- iPhone XS MAX - iPhone XR\nhttps://t.co/f\xe2\x80\xa6'
2019-04-30 19:55:18,b'#wallpapers #iPhone \n#iPhoneXSMax #iPhoneXS #iPhoneX #iPhoneXR \n\n3D #wallpaper for\n\n- iPhone XS MAX - iPhone XR\xe2\x80\xa6 https://t.co/AfWyD5PeM7'
2019-04-30 19:45:05,"b'512GB Apple iPhone Xs Max for $1219 at Gazelle. $230 off! No contract, 30-day return. #apple #iphone #iphonexsmax https://t.co/SkcSl4HX4Y'"
2019-04-30 19:38:15,b'RT @AR72014: #wallpapers #iPhone \n#iPhoneXSMax #iPhoneXS #iPhoneX #iPhoneXR \n\nVisual Stripes #wallpaper for\n\n- iPhone XS MAX - iPhone XR\nht\xe2\x80\xa6'
2019-04-30 19:30:31,b'RT @AR72014: #wallpapers #iPhone \n#iPhoneXSMax #iPhoneXS #iPhoneX #iPhoneXR \n\nVisual Stripes #wallpaper for\n\n- iPhone XS MAX - iPhone XR\nht\xe2\x80\xa6'
2019-04-30 19:16:41,b'How To #a12 #LatestNews #a12 #chimera #ios12 #ipad #ipadapps #iphone #iphoneapps #iphonexs #jailbreak #microsoft https://t.co/z1wPN1hSel'
2019-04-30 18:55:04,"b'256GB Apple iPhone Xs Max for $1059 at Gazelle. $190 off! No contract, 30-day return. #apple #iphone #iphonexsmax https://t.co/QTtEsdUKi6'"
2019-04-30 18:48:34,b'RT @AR72014: #wallpapers #iPhone \n#iPhoneXSMax #iPhoneXS #iPhoneX #iPhoneXR \n\nVisual Stripes #wallpaper for\n\n- iPhone XS MAX - iPhone XR\nht\xe2\x80\xa6'
2019-04-30 17:58:35,b'RT @AR72014: #wallpapers #iPhone \n#iPhoneXSMax #iPhoneXS #iPhoneX #iPhoneXR \n\nVisual Stripes #wallpaper for\n\n- iPhone XS MAX - iPhone XR\nht\xe2\x80\xa6'
2019-04-30 17:53:09,b'RT @rebeccagrace234: For iPhone X XS Max XR Shockproof Plating Clear Slim Hybrid Bumper Case Cover\nPrice: $4.95\nBuy at eBay here: https://t\xe2\x80\xa6'
2019-04-30 17:51:23,b'RT @AR72014: #wallpapers #iPhone \n#iPhoneXSMax #iPhoneXS #iPhoneX #iPhoneXR \n\nVisual Stripes #wallpaper for\n\n- iPhone XS MAX - iPhone XR\nht\xe2\x80\xa6'
2019-04-30 17:50:05,"b'64GB Apple iPhone Xs Max for $929 at Gazelle. $170 off! No contract, 30-day return. #apple #iphone #iphonexsmax https://t.co/3UGTxCqf5E'"
2019-04-30 17:48:36,b'RT @AR72014: #wallpapers #iPhone \n#iPhoneXSMax #iPhoneXS #iPhoneX #iPhoneXR \n\nVisual Stripes #wallpaper for\n\n- iPhone XS MAX - iPhone XR\nht\xe2\x80\xa6'
2019-04-30 17:41:57,b'RT @AR72014: #wallpapers #iPhone \n#iPhoneXSMax #iPhoneXS #iPhoneX #iPhoneXR \n\nVisual Stripes #wallpaper for\n\n- iPhone XS MAX - iPhone XR\nht\xe2\x80\xa6'
2019-04-30 17:40:06,"b'\xe2\xad\x90\xef\xb8\x8f\xe2\xad\x90\xef\xb8\x8f\xe2\xad\x90\xef\xb8\x8f\xe2\xad\x90\xef\xb8\x8f\xe2\xad\x90\xef\xb8\x8fSlim Stealth Wallet Case for iPhone Xs Max ONLY $9.99! Buy Now: https://t.co/qcBIbBPNK9 Space for ID, deb\xe2\x80\xa6 https://t.co/K2VpoSiTWD'"
2019-04-30 17:10:21,b'RT @AR72014: #wallpapers #iPhone \n#iPhoneXSMax #iPhoneXS #iPhoneX #iPhoneXR \n\nVisual Stripes #wallpaper for\n\n- iPhone XS MAX - iPhone XR\nht\xe2\x80\xa6'
2019-04-30 17:08:13,b'RT @AR72014: #wallpapers #iPhone \n#iPhoneXSMax #iPhoneXS #iPhoneX #iPhoneXR \n\nVisual Stripes #wallpaper for\n\n- iPhone XS MAX - iPhone XR\nht\xe2\x80\xa6'
2019-04-30 16:50:06,b'RT @AR72014: #wallpapers #iPhone \n#iPhoneXSMax #iPhoneXS #iPhoneX #iPhoneXR \n\nVisual Stripes #wallpaper for\n\n- iPhone XS MAX - iPhone XR\nht\xe2\x80\xa6'
2019-04-30 16:44:21,b'RT @AR72014: #wallpapers #iPhone \n#iPhoneXSMax #iPhoneXS #iPhoneX #iPhoneXR \n\nEarth Fantasy v2 #wallpaper for\n\n- iPhone XS MAX - iPhone XR\xe2\x80\xa6'
2019-04-30 16:26:35,b'Tech Armor\n iPhone Xs Max Screen Protection &amp; Accessories\nClick and Buy Here: https://t.co/a1dkdo4gpp \n\n#iphone scr\xe2\x80\xa6 https://t.co/YOw4spy0g4'
2019-04-30 16:04:33,b'RT @AR72014: #wallpapers #iPhone \n#iPhoneXSMax #iPhoneXS #iPhoneX #iPhoneXR \n\nVisual Stripes #wallpaper for\n\n- iPhone XS MAX - iPhone XR\nht\xe2\x80\xa6'
2019-04-30 15:59:15,b'RT @AR72014: #wallpapers #iPhone \n#iPhoneXSMax #iPhoneXS #iPhoneX #iPhoneXR \n\nVisual Stripes #wallpaper for\n\n- iPhone XS MAX - iPhone XR\nht\xe2\x80\xa6'
2019-04-30 15:40:26,b'RT @AR72014: #wallpapers #iPhone \n#iPhoneXSMax #iPhoneXS #iPhoneX #iPhoneXR \n\nVisual Stripes #wallpaper for\n\n- iPhone XS MAX - iPhone XR\nht\xe2\x80\xa6'
2019-04-30 15:16:48,b'Chimera iOS 12.1.2 Jailbreak Released #Apple #LatestNews #apple #cydia #ios #ipad #iphone #jailbreak #uncategorized https://t.co/QWlcEFWAsr'
2019-04-30 14:53:04,b'RT @AR72014: #wallpapers #iPhone \n#iPhoneXSMax #iPhoneXS #iPhoneX #iPhoneXR \n\nVisual Stripes #wallpaper for\n\n- iPhone XS MAX - iPhone XR\nht\xe2\x80\xa6'
2019-04-30 14:40:01,b'For iPhone X XS Max XR Shockproof Plating Clear Slim Hybrid Bumper Case Cover\nPrice: $4.95\nBuy at eBay here:\xe2\x80\xa6 https://t.co/Nmatribnsy'
2019-04-30 14:05:18,b'RT @AR72014: #wallpapers #iPhone \n#iPhoneXSMax #iPhoneXS #iPhoneX #iPhoneXR \n\nVisual Stripes #wallpaper for\n\n- iPhone XS MAX - iPhone XR\nht\xe2\x80\xa6'
2019-04-30 14:04:47,b'RT @AR72014: #wallpapers #iPhone \n#iPhoneXSMax #iPhoneXS #iPhoneX #iPhoneXR \n\nVisual Stripes #wallpaper for\n\n- iPhone XS MAX - iPhone XR\nht\xe2\x80\xa6'
2019-04-30 13:59:39,b'RT @AR72014: #wallpapers #iPhone \n#iPhoneXSMax #iPhoneXS #iPhoneX #iPhoneXR \n\nVisual Stripes #wallpaper for\n\n- iPhone XS MAX - iPhone XR\nht\xe2\x80\xa6'
2019-04-30 13:51:25,b'RT @AR72014: #wallpapers #iPhone \n#iPhoneXSMax #iPhoneXS #iPhoneX #iPhoneXR \n\nVisual Stripes #wallpaper for\n\n- iPhone XS MAX - iPhone XR\nht\xe2\x80\xa6'
2019-04-30 13:35:32,b'RT @AR72014: #wallpapers #iPhone \n#iPhoneXSMax #iPhoneXS #iPhoneX #iPhoneXR \n\nVisual Stripes #wallpaper for\n\n- iPhone XS MAX - iPhone XR\nht\xe2\x80\xa6'
2019-04-30 13:33:02,"b'RT Dazeinfo ""Astonishingly, one-third of the combined worldwide sales of #iPhone XS and #iPhoneXSMax took place in\xe2\x80\xa6 https://t.co/cZOxtKjCPa'"
2019-04-30 13:32:02,"b'RT Dazeinfo ""Astonishingly, one-third of the combined worldwide sales of #iPhone XS and #iPhoneXSMax took place in\xe2\x80\xa6 https://t.co/rracsgdY3Z'"
2019-04-30 13:32:00,"b'""Astonishingly, one-third of the combined worldwide sales of #iPhone XS and #iPhoneXSMax took place in China. Then\xe2\x80\xa6 https://t.co/HzXP4NlQhW'"
2019-04-30 13:30:13,"b'Astonishingly, one-third of the combined worldwide sales of #iPhone XS and #iPhoneXSMax took place in China. Then w\xe2\x80\xa6 https://t.co/xdFwBNNnBL'"
2019-04-30 13:19:42,b'RT @AR72014: #wallpapers #iPhone \n#iPhoneXSMax #iPhoneXS #iPhoneX #iPhoneXR \n\nVisual Stripes #wallpaper for\n\n- iPhone XS MAX - iPhone XR\nht\xe2\x80\xa6'
2019-04-30 13:18:29,b'For iPhone X XS Max XR Shockproof Plating Clear Slim Hybrid Bumper Case Cover\nPrice: $4.95\nBuy at eBay here:\xe2\x80\xa6 https://t.co/8XYdYc3mXA'
2019-04-30 13:17:26,b'RT @AR72014: #wallpapers #iPhone \n#iPhoneXSMax #iPhoneXS #iPhoneX #iPhoneXR \n\nVisual Stripes #wallpaper for\n\n- iPhone XS MAX - iPhone XR\nht\xe2\x80\xa6'
2019-04-30 13:16:45,b'RT @AR72014: #wallpapers #iPhone \n#iPhoneXSMax #iPhoneXS #iPhoneX #iPhoneXR \n\nVisual Stripes #wallpaper for\n\n- iPhone XS MAX - iPhone XR\nht\xe2\x80\xa6'
2019-04-30 13:16:01,b'RT @AR72014: #wallpapers #iPhone \n#iPhoneXSMax #iPhoneXS #iPhoneX #iPhoneXR \n\nVisual Stripes #wallpaper for\n\n- iPhone XS MAX - iPhone XR\nht\xe2\x80\xa6'
2019-04-30 13:12:01,b'#wallpapers #iPhone \n#iPhoneXSMax #iPhoneXS #iPhoneX #iPhoneXR \n\nVisual Stripes #wallpaper for\n\n- iPhone XS MAX - i\xe2\x80\xa6 https://t.co/r5n8fkyZhV'
2019-04-30 12:35:47,b'Tech Armor\n iPhone Xs Max Screen Protection &amp; Accessories\nClick and Buy Here: https://t.co/a1dkdo4gpp \n\n#iphone scr\xe2\x80\xa6 https://t.co/TcwwOqowGz'
2019-04-30 10:55:18,b'Need follower \nTag your friends\n#iphone #phone #phonecase #iphonecase #clearcase #thiniphonexcase\xe2\x80\xa6 https://t.co/8kWPGiE2Mh'
2019-04-30 09:59:13,b'RT @croquetadeamor: MEIZE 9D Protective Glass for iPhone 7 Screen Protector iPhone 8 Xr Xs Xs Max Tempered Glass on iPhone X 6 6s 7 8 Plus\xe2\x80\xa6'
2019-04-30 09:56:31,b'RT @croquetadeamor: Best screen protector 9D protective glass for iPhone 6 6S 7 8 https://t.co/Gb8LO2fBlH #iPhone #Cheap #Offer #Phone #Gla\xe2\x80\xa6'
2019-04-30 09:44:57,b'MEIZE 9D Protective Glass for iPhone 7 Screen Protector iPhone 8 Xr Xs Xs Max Tempered Glass on iPhone X 6 6s 7 8 P\xe2\x80\xa6 https://t.co/y1lI6tKwpg'
2019-04-30 09:27:13,b'Best screen protector 9D protective glass for iPhone 6 6S 7 8 https://t.co/Gb8LO2fBlH #iPhone #Cheap #Offer #Phone\xe2\x80\xa6 https://t.co/TQRSqJs7a3'
2019-04-30 05:46:05,b'How good is IPhone XS Max Optical Image Stabalisation? Check out this test and find out. This will blow your mind!\xe2\x80\xa6 https://t.co/6R3dugzclX'
2019-04-30 05:03:37,"b'thought id use one of my NHS perks so ive treat myself to an Iphone XS Max 512 , got 20% off , do the same for Mrs\xe2\x80\xa6 https://t.co/pM5l9Qj3dM'"
2019-04-30 00:02:05,b'RT @croquetadeamor: 9D protective glass for iPhone 6 6S 7 8 https://t.co/Gb8LO2fBlH #iPhone #Cheap #Offer #Phone #GlassProtector #PhoneCase'
2019-04-30 00:02:01,b'RT @croquetadeamor: 10D Tempered Glass For iPhone XS Max XR X 7 6 6s 7 8 Plus https://t.co/rfv66dtYyc #iPhone #Cheap #Offer #Phone #GlassPr\xe2\x80\xa6'
2019-04-29 23:58:32,b'9D protective glass for iPhone 6 6S 7 8 https://t.co/Gb8LO2fBlH #iPhone #Cheap #Offer #Phone #GlassProtector #PhoneCase'
2019-04-29 23:58:15,b'10D Tempered Glass For iPhone XS Max XR X 7 6 6s 7 8 Plus https://t.co/rfv66dtYyc #iPhone #Cheap #Offer #Phone #GlassProtector #PhoneCase'
2019-04-29 19:45:10,"b'512GB Apple iPhone Xs Max for $1219 at Gazelle. $230 off! No contract, 30-day return. #apple #iphone #iphonexsmax https://t.co/0bhMSVHbZs'"
2019-04-29 18:55:09,"b'256GB Apple iPhone Xs Max for $1059 at Gazelle. $190 off! No contract, 30-day return. #apple #iphone #iphonexsmax https://t.co/zZgONXLT8u'"
2019-04-29 17:50:08,"b'64GB Apple iPhone Xs Max for $929 at Gazelle. $170 off! No contract, 30-day return. #apple #iphone #iphonexsmax https://t.co/QCXMVhW1XJ'"
2019-04-29 17:40:05,"b'\xe2\xad\x90\xef\xb8\x8f\xe2\xad\x90\xef\xb8\x8f\xe2\xad\x90\xef\xb8\x8f\xe2\xad\x90\xef\xb8\x8f\xe2\xad\x90\xef\xb8\x8fSlim Stealth Wallet Case for iPhone Xs Max ONLY $9.99! Buy Now: https://t.co/qcBIbBPNK9 Space for ID, deb\xe2\x80\xa6 https://t.co/O3WzysPdHW'"
2019-04-29 17:25:09,b'RT @iphonexsmax4u: Sub to me on YouTube to find out how to win your iPhone XS Max\xf0\x9f\x93\xb2or XR\xf0\x9f\x93\xb2 link below\n#iphonexsgiveaway #iphonexs #iphonexr #\xe2\x80\xa6'
2019-04-29 16:48:31,b'RT @simongerman600: Random observation: In 1989 a mobile phone in the US cost $1499 and in 2019 the best #iPhone model (Xs max) costs about\xe2\x80\xa6'
2019-04-29 16:48:21,b'Opulent custom #iPhone XS Max boasts its own mechanical watch\nhttps://t.co/vSIyEWibDk'
2019-04-29 15:08:05,"b""RT @Rodney_Walker: #Apple's Radical New #iPhone Suddenly Takes Shape https://t.co/4qpfMrkJzG #Smartphone #Tech #TechNews #Technology #Techn\xe2\x80\xa6"""
2019-04-29 13:51:59,b'Top up your iPhone XS Max battery with this Mophie Juice Pack Access battery case from Mophie. Check our review out\xe2\x80\xa6 https://t.co/pz67Jw3fra'
2019-04-29 12:06:20,b'RT @AR72014: #wallpapers #iPhone \n#iPhoneXSMax #iPhoneXS #iPhoneX #iPhoneXR #iOS #Apple \n\n#iOS13 Concept #wallpaper for \n\niPhone XS MAX - i\xe2\x80\xa6'
2019-04-29 11:43:23,"b'Easy way to Clear RAM on iPhone X, Xs, Xs Max, and XR\n#ios12 #iphone #ipad #ios11 #iphonex #iphonexs https://t.co/s1U2VLeqts'"
2019-04-29 11:23:54,b'#Apple Insider Leaks Exciting New #iPhone XR2 Design - https://t.co/n4iFzNvq4b #Technology'
2019-04-29 11:19:33,b'We love this\nACCGUYS Motorized Wireless #CarCharger!! It\xc2\xa0 mounts easily to any air vent.  It has auto-clamping &amp; is\xe2\x80\xa6 https://t.co/JnbYiyXK5Y'
2019-04-29 05:05:04,b'RT @AR72014: #wallpapers #iPhone \n#iPhoneXSMax #iPhoneXS #iPhoneX #iPhoneXR #iOS #Apple \n\n#iOS13 Concept #wallpaper for \n\niPhone XS MAX - i\xe2\x80\xa6'
2019-04-29 04:26:13,"b'ROCAMP AntiSweat Case For Samsung Galaxy &amp; Apple iPhone, The Case will Fits Samsung Galaxy S9/Plus, S8/Plus, S7/edg\xe2\x80\xa6 https://t.co/IG0l6OXyEd'"
2019-04-29 02:22:51,"b'\xf0\x9f\x9a\xb6\xe2\x80\x8d\xe2\x99\x82\xef\xb8\x8f\xf0\x9f\x9a\xb6\xe2\x80\x8d\xe2\x99\x80\xef\xb8\x8fGood morning!!!We have very good price for OLED screen for iPhone X&amp;iPhone XS&amp; iPhone XR &amp; iPhone XS Max, a\xe2\x80\xa6 https://t.co/XmQAF2BNvF'"
2019-04-28 23:32:52,b'Apple Insider Leaks Exciting New #IPHONE XR2 Design https://t.co/eokORgVurH #Tweet4Mee'
2019-04-28 19:45:03,"b'512GB Apple iPhone Xs Max for $1219 at Gazelle. $230 off! No contract, 30-day return. #apple #iphone #iphonexsmax https://t.co/tAr4XVb9yI'"
2019-04-28 19:07:51,b'RT @AR72014: #wallpapers #iPhone \n#iPhoneXSMax #iPhoneXS #iPhoneX #iPhoneXR \n\nEarth Fantasy v2 #wallpaper for\n\n- iPhone XS MAX - iPhone XR\xe2\x80\xa6'
2019-04-28 18:55:03,"b'256GB Apple iPhone Xs Max for $1059 at Gazelle. $190 off! No contract, 30-day return. #apple #iphone #iphonexsmax https://t.co/4BVesfrVT1'"
2019-04-28 18:10:14,b'RT @croquetadeamor: MEIZE 9D Protective Glass for iPhone 7 Screen Protector iPhone 8 Xr Xs Xs Max Tempered Glass on iPhone X 6 6s 7 8 Plus\xe2\x80\xa6'
2019-04-28 18:10:07,b'RT @croquetadeamor: MEIZE 9D Protective Glass for iPhone 7 Screen Protector iPhone 8 Xr Xs Xs Max Tempered Glass on iPhone X 6 6s 7 8 Plus\xe2\x80\xa6'
2019-04-28 18:10:02,b'RT @croquetadeamor: MEIZE 9D Protective Glass for iPhone 7 Screen Protector iPhone 8 Xr Xs Xs Max Tempered Glass on iPhone X 6 6s 7 8 Plus\xe2\x80\xa6'
2019-04-28 18:09:40,b'MEIZE 9D Protective Glass for iPhone 7 Screen Protector iPhone 8 Xr Xs Xs Max Tempered Glass on iPhone X 6 6s 7 8 P\xe2\x80\xa6 https://t.co/EmUv0rvj7z'
2019-04-28 18:07:35,b'MEIZE 9D Protective Glass for iPhone 7 Screen Protector iPhone 8 Xr Xs Xs Max Tempered Glass on iPhone X 6 6s 7 8 P\xe2\x80\xa6 https://t.co/2kjgCfIvSq'
2019-04-28 18:06:11,b'MEIZE 9D Protective Glass for iPhone 7 Screen Protector iPhone 8 Xr Xs Xs Max Tempered Glass on iPhone X 6 6s 7 8 P\xe2\x80\xa6 https://t.co/jd9UP8oP9K'
2019-04-28 17:50:03,"b'64GB Apple iPhone Xs Max for $929 at Gazelle. $170 off! No contract, 30-day return. #apple #iphone #iphonexsmax https://t.co/NIoupJrxm5'"
2019-04-28 17:40:06,"b'\xe2\xad\x90\xef\xb8\x8f\xe2\xad\x90\xef\xb8\x8f\xe2\xad\x90\xef\xb8\x8f\xe2\xad\x90\xef\xb8\x8f\xe2\xad\x90\xef\xb8\x8fSlim Stealth Wallet Case for iPhone Xs Max ONLY $9.99! Buy Now: https://t.co/qcBIbBPNK9 Space for ID, deb\xe2\x80\xa6 https://t.co/pa0m1TI5ch'"
2019-04-28 16:44:47,"b'Enter for a chance to win a iPhone X just simple signup.\n\nlink:https://t.co/QTW3bCuBmt\n\n#iphone x,#iphone x 2019,\xe2\x80\xa6 https://t.co/FBGBgcn85c'"
2019-04-28 16:26:36,b'Tech Armor\n iPhone Xs Max Screen Protection &amp; Accessories\nClick and Buy Here: https://t.co/a1dkdo4gpp \n\n#iphone scr\xe2\x80\xa6 https://t.co/NjaWK8NAsF'
2019-04-28 15:53:11,b'\xf0\x9f\x93\xb8 Shot like a pro with #DualLens #PhoneCase\n#Learnmore @ https://t.co/dC5rD9DwvT\n#wideangle #fisheye #mircolens\xe2\x80\xa6 https://t.co/tMCkw9VZB6'
2019-04-28 15:04:29,b'RT @AR72014: #wallpapers #iPhone \n#iPhoneXSMax #iPhoneXS #iPhoneX #iPhoneXR \n\nDigital Crystals #wallpaper for\n\n- iPhone XS MAX - iPhone XR\xe2\x80\xa6'
2019-04-28 15:02:41,b'RT @AR72014: #wallpapers #iPhone \n#iPhoneXSMax #iPhoneXS #iPhoneX #iPhoneXR \n\nAqua #wallpaper for\n\n- iPhone XS MAX - iPhone XR\nhttps://t.co\xe2\x80\xa6'
2019-04-28 14:29:52,b'Tech Armor\n iPhone Xs Max Screen Protection &amp; Accessories\nClick and Buy Here: https://t.co/a1dkdo4gpp \n\n#iphone scr\xe2\x80\xa6 https://t.co/sVGTfGcEXt'
2019-04-28 14:28:53,"b'RT @sellers_online: #wireless #Chargers #iPhone #SamsungGalaxy #RRvDC #amazonindia Check out Classico Fast Wireless Charger for iPhone XR,X\xe2\x80\xa6'"
2019-04-28 14:23:49,b'RT @HyrdaGiveaways: \xf0\x9f\x93\xb14x IPhone XS Max Giveaway!\xf0\x9f\x93\xb1\n\n\xe2\x80\xa2 RT\n\xe2\x80\xa2 Follow Us &amp; @HyrdaGiveaways \n\xe2\x80\xa2 Like 3 of @yDyylan tweets\n\n\xe2\x8c\x9b\xef\xb8\x8f Ends in 24 Hours! Cho\xe2\x80\xa6'
2019-04-28 08:41:34,"b'#iPhone users. Don\xe2\x80\x99t forget that #virginmobileuae supports eSIM on the iPhone XS, XS Max &amp; XR.\n\n\xf0\x9f\x92\xbc Store personal &amp;\xe2\x80\xa6 https://t.co/m93rMyhj44'"
2019-04-28 08:29:45,b'RT @AR72014: #wallpapers #iPhone \n#iPhoneXSMax #iPhoneXS #iPhoneX #iPhoneXR \n\nAqua #wallpaper for\n\n- iPhone XS MAX - iPhone XR\nhttps://t.co\xe2\x80\xa6'
2019-04-28 08:17:13,"b'RT @haine_xxx: https://t.co/3zAWeT3WiO \xe2\x98\x9cAmazon\n#VICSEED Car Phone #Mount, Air Vent Phone #Holder, #Handsfree Cell Phone Car Mount #Compatib\xe2\x80\xa6'"
2019-04-28 07:30:09,"b'https://t.co/3zAWeT3WiO \xe2\x98\x9cAmazon\n#VICSEED Car Phone #Mount, Air Vent Phone #Holder, #Handsfree Cell Phone Car Mount\xe2\x80\xa6 https://t.co/HOJZjmg3ce'"
2019-04-28 07:21:12,b'So did you join the ByteHub DEX Trading BTC/ETH contest to win iPhone Xs Max? #iphone #trading #crypto #btc #eth\xe2\x80\xa6 https://t.co/2vKxbuwXHX'
2019-04-28 05:09:04,b'RT @AR72014: #wallpapers #iPhone \n#iPhoneXSMax #iPhoneXS #iPhoneX #iPhoneXR \n\nEarth Fantasy v2 #wallpaper for\n\n- iPhone XS MAX - iPhone XR\xe2\x80\xa6'
2019-04-27 23:07:04,b'RT @AR72014: #RT #wallpapers #iPhone #iPhoneXSMax #iPhoneXS #iPhoneX #iPhoneXR \n\n10 new exclusive #wallpaper for \n\n- iPhone XS MAX \n- iPhon\xe2\x80\xa6'
2019-04-27 22:06:31,b'RT @AR72014: #wallpapers #iPhone \n#iPhoneXSMax #iPhoneXS #iPhoneX #iPhoneXR \n\nEarth Fantasy v2 #wallpaper for\n\n- iPhone XS MAX - iPhone XR\xe2\x80\xa6'
2019-04-27 21:04:35,b'LOONEY BABIE X GWAPO CHAPO #IPHONE (\xf0\x9f\x93\xb1)XS MAX AND APPLE WATCH (\xe2\x8c\x9a\xef\xb8\x8f) SERIES 4 GIVEAWAY!!! All you have to do to win is\xe2\x80\xa6 https://t.co/NwpJc4qkph'
2019-04-27 20:00:26,"b'steanum #Cargador Inal\xc3\xa1mbrico QI para #iPhone XS/XS Max/XR/X/8/8+\nPrecio: 2\xef\xb8\x8f\xe2\x83\xa30\xef\xb8\x8f\xe2\x83\xa3,3\xef\xb8\x8f\xe2\x83\xa39\xef\xb8\x8f\xe2\x83\xa3\xe2\x82\xac\n#Amazon \nhttps://t.co/FHmxKTTIMt'"
2019-04-27 19:59:01,b'RT @AR72014: #wallpapers #iPhone \n#iPhoneXSMax #iPhoneXS #iPhoneX #iPhoneXR \n\nEarth Fantasy v2 #wallpaper for\n\n- iPhone XS MAX - iPhone XR\xe2\x80\xa6'
