2019-05-07 04:42:41,"b'After a long wait, my @dbrand skins finally came!\n\n(Pictured: Dell XPS 13 with black and red dragon, @oneplus 6T gr\xe2\x80\xa6 https://t.co/IEgizLYiDW'"
2019-05-07 04:25:44,b'@AR72014 U make every phone look beautiful #oneplus6t https://t.co/SjCoKZQpUF'
2019-05-07 03:39:55,"b'RT @GadgetsFlix: #OnePlus7Pro pre-bookings started in India today on #amazonIN\nPre-book now at \xe2\x82\xb91,000 and get 6 months free screen replacem\xe2\x80\xa6'"
2019-05-07 03:26:59,b'.@Google #pixel3aXL may be priced as much as the #OnePlus6T in India.\nhttps://t.co/gmszTD4G3P'
2019-05-07 02:42:13,b'OnePlus 7 v/s OnePlus 6T Smartphone..\n.\n.\n.\n#oneplussmartphone #oneplus7 #oneplus6tsmartphone #oneplus7smartphone\xe2\x80\xa6 https://t.co/qQQnytfk6w'
2019-05-07 01:46:09,b'Win a #OnePlus 6T with #Android Headlines https://t.co/AwHTT2GTmy @androidheadline #google #giveaway #contest\xe2\x80\xa6 https://t.co/198seGzj0G'
2019-05-07 01:45:16,b'Win a #OnePlus 6T with #Android Headlines https://t.co/AwHTT2piv0 @androidheadline #google #giveaway #contest\xe2\x80\xa6 https://t.co/d1bdct0gE0'
2019-05-07 01:42:35,b'Win a #OnePlus 6T with #Android Headlines https://t.co/Ir1frCVCCK @androidheadline #google #giveaway #contest\xe2\x80\xa6 https://t.co/Wmm50a9m5X'
2019-05-07 01:18:47,b'@oneplus Official Press Renders Of #Oneplus7 - The Standard Version With The Design Identical To #Oneplus6t \nCredit\xe2\x80\xa6 https://t.co/b72gU2Tl2r'
2019-05-07 00:48:22,b'RT @4vdobrynin: Win a #OnePlus 6T with #Android Headlines https://t.co/f6fI5KpMOu @androidheadline #google #giveaway #contest #android #One\xe2\x80\xa6'
2019-05-07 00:40:46,b'Win a #OnePlus 6T with #Android Headlines https://t.co/f6fI5KpMOu @androidheadline #google #giveaway #contest\xe2\x80\xa6 https://t.co/vQUvHNPqI1'
2019-05-07 00:12:56,b'Win a #OnePlus 6T with #Android Headlines https://t.co/hxV0szIPPo @androidheadline #google #giveaway #contest\xe2\x80\xa6 https://t.co/quyfNKG2X9'
2019-05-06 23:56:58,b'#galaxys10plus vs #oneplus6t which one will you pick. Better performance or better cameras?? @oneplus samsungmobile\xe2\x80\xa6 https://t.co/imXGWYG91F'
2019-05-06 22:46:55,b'Win a #OnePlus 6T with #Android Headlines https://t.co/WEY7XAfUuJ @androidheadline #google #giveaway #contest\xe2\x80\xa6 https://t.co/2stC0X5htk'
2019-05-06 22:45:59,b'Win a #OnePlus 6T with #Android Headlines https://t.co/WEY7XzYjDb @androidheadline #google #giveaway #contest\xe2\x80\xa6 https://t.co/5yThLR1PNp'
2019-05-06 19:37:47,b'OnePlus 7 first look and colours \xf0\x9f\x92\xa5\xf0\x9f\xa4\xa9\xf0\x9f\x92\xa5\nFollow @TechnicalAll18\n #OnePlus7Series #oneplus7 #OnePlus7Pro #OnePlus7PRO5G\xe2\x80\xa6 https://t.co/MXYmWc26nO'
2019-05-06 19:27:42,b'OnePlus 7 price in India \xf0\x9f\x92\xa5\xf0\x9f\x92\xa5\nFollow me @TechnicalAll18\n #OnePlus7Series #oneplus7 #OnePlus7Pro #OnePlus7PRO5G\xe2\x80\xa6 https://t.co/nzpjWXdoBA'
2019-05-06 16:18:09,"b""RT @EttuTech: The #OnePlus6T's performance was so good that there is almost no reviewer saying the opposite. @oneplus promised that the #On\xe2\x80\xa6"""
2019-05-06 16:10:30,"b""The #OnePlus6T's performance was so good that there is almost no reviewer saying the opposite. @oneplus promised th\xe2\x80\xa6 https://t.co/qkjA94v3DX"""
2019-05-06 16:04:43,b'Original take it with #oneplus6t #oneplus https://t.co/DDJCLOTuam'
2019-05-06 15:59:52,"b""What do you think about smartphone photography? Watch me while I'm using OnePlus 6T for this video\xe2\x80\xa6 https://t.co/r3qQnZou6V"""
2019-05-06 15:33:46,b'***SUPER EXCLUSIVE***\nONEPLUS 7 PRO photo Samples... Have a look and share your thoughts...\xe2\x80\xa6 https://t.co/9YnFnSAVe5'
2019-05-06 15:21:20,b'Enter to #win a @OnePlus 6T from @AndroidHeadline #google #giveaway #contest #android #OnePlus6T #sweepstakes #free https://t.co/1tCO4P43Qb'
2019-05-06 14:48:40,b'And here are some images of the #OnePlus7. Looks like the #OnePlus6T \xf0\x9f\x98\x89\n\n#OnePlus7Series #OnePlus 7 #OnePlus7Pro https://t.co/HI36ZgRWul'
2019-05-06 13:31:22,"b""Amazon's view from One plus Customer Support.  Nice review for Amazon. \xf0\x9f\xa4\xa3\xf0\x9f\xa4\xa3\xf0\x9f\xa4\xa3\xf0\x9f\xa4\x99\xf0\x9f\xa4\x99\xf0\x9f\xa4\x99\xf0\x9f\xa4\x99\xf0\x9f\x91\x8e\xf0\x9f\x91\x8e. #OnePlus6T @oneplus  @amazon\xe2\x80\xa6 https://t.co/AGHiQcKpdN"""
2019-05-06 12:50:49,"b'#OnePlus6T (8GB, 128GB) at a discounted price of \xe2\x82\xb932,999 (MRP \xe2\x82\xb941,999) \n\nAdditional \xe2\x82\xb91,500 discount with SBI cards\xe2\x80\xa6 https://t.co/ptqX87hT7i'"
2019-05-06 11:39:39,"b'#OnePlus6t available at Rs 9,000 discount on Amazon\nhttps://t.co/herixwaLY2'"
2019-05-06 11:22:33,"b""What do you think about smartphone photography? Watch me while I'm using OnePlus 6T for this video\xe2\x80\xa6 https://t.co/ioIu9wBLfx"""
2019-05-06 07:46:50,"b'@MKBHD I was getting a brand new, $605 worth, #oneplus6t in just $386. Good deal must say. But then remember\xe2\x80\xa6 https://t.co/mNyaXkBSlq'"
2019-05-06 07:44:45,"b'@MKBHD I was brand new, $605 worth, #oneplus6t in just $386. Good deal must say. But then remember #NoHEADPHONEJack\xe2\x80\xa6 https://t.co/aLFDsFdpSD'"
2019-05-06 07:27:06,"b""RT @Josh_Quinonez: What's up everyone! Go check out todays video. A speed test between the #GalaxyS10Plus &amp; the #OnePlus6t !! Which do you\xe2\x80\xa6"""
2019-05-06 05:46:59,b'@oneplus I recently bought #OnePlus6t \nThe display color changes when I unlock the phone. It becomes black and whit\xe2\x80\xa6 https://t.co/pXO85MIp2I'
2019-05-06 05:46:50,b'@oneplus I recently bought #OnePlus6t \nThe display color changes when I unlock the phone. It becomes black and whit\xe2\x80\xa6 https://t.co/qQFBzVCe2e'
2019-05-06 05:46:16,b'When #OnePlus6T is not what it was ... My phone is broken by itself without any blow or fall under its case which h\xe2\x80\xa6 https://t.co/JWGkCNjiDl'
2019-05-06 05:40:48,b'RT @twibheem: #OnePlus6T vs #OnePlus7Series - In Picture above are the Invite Launches for 6T vs 7 - Decide &amp; comment - Retweet If You Also\xe2\x80\xa6'
2019-05-06 05:38:20,b'RT @TechTicTok1: OnePlus\xe2\x80\x99s Tencent Powered Cleanup Feature Creates Controversy for Sending Data Overseas\nhttps://t.co/lp8ZyE7DNZ \n@oneplus\xe2\x80\xa6'
2019-05-06 05:29:37,b'#OnePlus6T vs #OnePlus7Series - In Picture above are the Invite Launches for 6T vs 7 - Decide &amp; comment - Retweet I\xe2\x80\xa6 https://t.co/70SmVUbvNl'
2019-05-06 05:05:28,"b""What do you think about smartphone photography? Watch me while I'm using OnePlus 6T for this video\xe2\x80\xa6 https://t.co/SrtRRdXyJ4"""
2019-05-06 04:55:06,b'RT @ashwinwashere: I have been waiting since I was 10 years old for this. Disneyland \xe2\x99\xa5\xef\xb8\x8f\n.\n.\n.\n---\n#shanghai #china #shanghaidisneyland #dis\xe2\x80\xa6'
2019-05-06 04:48:51,b'I have been waiting since I was 10 years old for this. Disneyland \xe2\x99\xa5\xef\xb8\x8f\n.\n.\n.\n---\n#shanghai #china #shanghaidisneyland\xe2\x80\xa6 https://t.co/TqIkilP3VN'
2019-05-06 03:58:51,b'This is great deal on OnePlus 6T with \xe2\x82\xb99000 Off and \xe2\x82\xb91500 cashback on SBI Card \n\nIf you want to purchase 6T this is\xe2\x80\xa6 https://t.co/7WznB3fWTv'
2019-05-06 03:56:50,b'RT @gollarmanjunath: Sand City\n.\n.\n.\n\xf0\x9f\x93\xb8 #oneplus6t\nEdit :- @lightroom\n. . . . \n#shotononeplus\n#shotononeplus6t\n#mumbaikar #mumbai #amchimumb\xe2\x80\xa6'
2019-05-06 03:54:40,"b'RT @gollarmanjunath: To seek knowledge, one must have the proper guidance.\n.\n.\n.\n\xf0\x9f\x93\xb8 #oneplus6t\nEdit :- @lightroom\n. . . . \n#shotononeplus\n#s\xe2\x80\xa6'"
2019-05-05 23:48:03,"b""RT @Josh_Quinonez: What's up everyone! Go check out todays video. A speed test between the #GalaxyS10Plus &amp; the #OnePlus6t !! Which do you\xe2\x80\xa6"""
2019-05-05 23:38:32,"b""What's up everyone! Go check out todays video. A speed test between the #GalaxyS10Plus &amp; the #OnePlus6t !! Which do\xe2\x80\xa6 https://t.co/qQXnFC8BSz"""
2019-05-05 23:36:52,"b""My @BlackBerry Priv has been a fantastic phone and it has treated me very well, but it's time to move on to a\xe2\x80\xa6 https://t.co/BjvP0D3nkE"""
2019-05-05 22:03:05,b'@OnePlus_IN hello.. I wish I have a OnePlus phone.. I would love it..\xf0\x9f\x98\x8d please some help . @oneplus #OnePlus6t'
2019-05-05 21:19:44,"b""What do you think about smartphone photography? I'm using OnePlus 6T for this video https://t.co/TvRcwzpbrN\xe2\x80\xa6 https://t.co/oYnZsA13pM"""
2019-05-05 21:09:43,b'#childplay #styrofoamballs #Styrofoam #play  #kid #weddingreception #party #carpet #shotononeplus6T #oneplus6T\xe2\x80\xa6 https://t.co/E0yZYAKR8s'
2019-05-05 20:59:38,b'#lighting #decoration #birdcage #silver #shotononeplus #shotononeplus6T #oneplus6T #oneplus #bamboo #cage\xe2\x80\xa6 https://t.co/BAJrfjqVfO'
2019-05-05 20:38:43,b'Win a #OnePlus 6T with #Android Headlines @androidheadline @oneplus @OnePlus_USA #OnePlus #tech #technology #free\xe2\x80\xa6 https://t.co/Nb3fjZV698'
2019-05-05 19:53:50,b'I bought #OnePlus6t phone 1month back. Now the screen turned black and white. And no setting is helping me to corre\xe2\x80\xa6 https://t.co/FkoxmOsxEv'
2019-05-05 19:36:44,"b'#OnePlus6T (Mirror Black, 8GB RAM, 128GB Storage) at Rs.32,999\n\nhttps://t.co/1zBbFGgB9M\n\nSeems like #OnePlus7 and\xe2\x80\xa6 https://t.co/Or1YEVVE9i'"
2019-05-05 17:38:59,b'The In-display finger print scanner is very bad on #OnePlus6T. \nEven the Corning Gorilla glass on #Oneplus devices\xe2\x80\xa6 https://t.co/G0RqaegHl1'
2019-05-05 16:56:00,b'@amazonIN says that #oneplus6t will be lowest ever price only on summer sale and also they said limited stock. But\xe2\x80\xa6 https://t.co/ZcL4jpEqjf'
2019-05-05 16:37:50,b'The stark beauty of Glen Lui - fantastic place \xf0\x9f\x92\x9a\n.\n.\n.\n#visitscotland #visitcairngorms #cairngorms\xe2\x80\xa6 https://t.co/6ApWKWsIPv'
2019-05-05 16:18:08,"b""RT @Amazon_Buyers: #AmazonSummerSale \n\nGet India's No.1 Premium smartphone, OnePlus 6T starting at just \xe2\x82\xb932,999 on Amazon in summer sale wi\xe2\x80\xa6"""
2019-05-05 16:08:53,"b""#AmazonSummerSale \n\nGet India's No.1 Premium smartphone, OnePlus 6T starting at just \xe2\x82\xb932,999 on Amazon in summer sa\xe2\x80\xa6 https://t.co/3yPwfmRILS"""
2019-05-05 15:51:48,"b'To seek knowledge, one must have the proper guidance.\n.\n.\n.\n\xf0\x9f\x93\xb8 #oneplus6t\nEdit :- @lightroom\n. . . . \n#shotononeplus\xe2\x80\xa6 https://t.co/Y2l8Bit8QZ'"
2019-05-05 15:13:08,"b""RT @_AlteredTech: These are my two daily drivers. The #OnePlus6T and the #GalaxyS10. \nAs I've said in my video review, my wishlist for the\xe2\x80\xa6"""
2019-05-05 13:58:39,b'Win a #OnePlus 6T with #Android Headlines https://t.co/YLGEK9cXNu @androidheadline #google #giveaway #contest\xe2\x80\xa6 https://t.co/Dn3vEPHRSq'
2019-05-05 13:43:43,"b'A city has no sense, no sentiment, no soul, except for these light trails.\n.\n.\n.\n#ShotOnOneplus #oneplus6t\xe2\x80\xa6 https://t.co/mZpb0Qz9fb'"
2019-05-05 13:40:51,b'OMG... What a machine... \nI daily falling in love with my OnePlus 6T\nJust clicked this.....\nIn my 5th attempt...\xe2\x80\xa6 https://t.co/bSu72vaizV'
2019-05-05 11:30:50,b'RT @htTweets: #OnePlus6T to Samsung #GalaxyM20: Top \xe2\x80\x98blockbuster deals\xe2\x80\x99 on Amazon Summer Sale\n\n(via @HTTech)\n\nhttps://t.co/uzwyC111Sx https\xe2\x80\xa6'
2019-05-05 11:13:40,b'#OnePlus6T to Samsung #GalaxyM20: Top \xe2\x80\x98blockbuster deals\xe2\x80\x99 on Amazon Summer Sale\n\n(via @HTTech)\xe2\x80\xa6 https://t.co/I2rgh6d5eN'
2019-05-05 10:40:22,b'thinking out loud..\n.\n.\n.\n.\n\n#oneplus #oneplus6t #oneplus6 #oneplusshot #oneplusphotography #blue #shotononeplus\xe2\x80\xa6 https://t.co/0THP8laVJJ'
2019-05-05 09:55:29,b'Win a #OnePlus 6T with #Android Headlines https://t.co/R0OsijO1VI @androidheadline #google #giveaway #contest\xe2\x80\xa6 https://t.co/Rn6qZcK8YW'
2019-05-05 09:30:08,b'Smartphone battery life claims vs Which? Tests: Apple overstates by 31% \n\n#iPhoneXI #iPhoneXS #Sony #OnePlus6T\xe2\x80\xa6 https://t.co/bH0TmchjY8'
2019-05-05 07:29:32,b'@ishanagarwal24 @C4ETech I have only issue with pop up selfie camera. Because if we are definitely going to loose\xe2\x80\xa6 https://t.co/RGu4JfZlC1'
2019-05-05 06:30:00,"b'Amazon Summer Sale Mobile Deals : Upto 30% off on #OnePlus6t #Mi Phones, #Samsung Galaxy M20 &amp; much more. Visit https://t.co/umfLZKRzM9'"
2019-05-05 06:05:43,"b'RT @amazonIN: First ever price drop at OnePlus 6T up to INR 4,000, only on Amazon Fab Phones Fest.\n\nGet an additional 10% Instant Discount\xe2\x80\xa6'"
2019-05-05 06:02:59,b'RT @ppickCH: \xf0\x9d\x97\xa0\xf0\x9d\x98\x86 \xf0\x9d\x98\x84\xf0\x9d\x97\xb2\xf0\x9d\x97\xb2\xf0\x9d\x97\xb8\xf0\x9d\x97\xb2\xf0\x9d\x97\xbb\xf0\x9d\x97\xb1 \xf0\x9f\x92\xac\n#Android #Homescreen #design #kwgt #widget #minimalist #Oneplus6 #OnePlus6T https://t.co/jyRqdxhOjr'
2019-05-05 05:33:27,"b'RT @IBTimesIN_Tech: OnePlus offer you cannot refuse: OnePlus 6T is Rs 10,500 cheaper on Amazon \n\nhttps://t.co/mobVGWR9Ps via @ibtimes_india\xe2\x80\xa6'"
2019-05-05 04:28:49,"b""Do u feel bad for your phone because it gets juice only when you're free.\n\n#Phone #dashcharge #OnePlus6T #diaryofalostspirit"""
2019-05-05 03:53:07,b'Win a #OnePlus 6T with #Android Headlines https://t.co/XwRNDIa4wK @androidheadline #google #giveaway #contest\xe2\x80\xa6 https://t.co/DaiBdro39M'
2019-05-05 03:33:55,b'Win a #OnePlus 6T with #Android Headlines https://t.co/APMgSZR5cq @androidheadline #google #giveaway #contest\xe2\x80\xa6 https://t.co/uJBe7PAqOY'
2019-05-05 03:08:46,b'Win a #OnePlus 6T with #Android Headlines https://t.co/mJrm4IV6rU @androidheadline #google #giveaway #contest\xe2\x80\xa6 https://t.co/0gmnySxC3R'
2019-05-05 02:41:50,b'RT @8ap: We are doing string of comparisons this week.. Today we will be pitting #RedmiNote7Pro camera with #OnePlus6T- We will see how the\xe2\x80\xa6'
2019-05-05 02:13:33,b'RT @MDisoriya: After snow effects #PictureOfTheDay #HimachalPradesh #shotononeplus #OnePlus6T #Traveller #trekking #IncredibleIndia #mounta\xe2\x80\xa6'
2019-05-05 02:07:49,b'Win a #OnePlus 6T with #Android Headlines https://t.co/rgymNrVnB9 @androidheadline #google #giveaway #contest\xe2\x80\xa6 https://t.co/QIxLeRJB04'
2019-05-05 02:07:10,b'Win a #OnePlus 6T with #Android Headlines https://t.co/rgymNrDMJB @androidheadline #google #giveaway #contest\xe2\x80\xa6 https://t.co/5pbzfVYbUp'
2019-05-05 02:02:14,b'After snow effects #PictureOfTheDay #HimachalPradesh #shotononeplus #OnePlus6T #Traveller #trekking\xe2\x80\xa6 https://t.co/UkGQizTYpB'
2019-05-05 02:00:51,b'Win a #OnePlus 6T with #Android Headlines https://t.co/iKQK3wpPjl @androidheadline #google #giveaway #contest\xe2\x80\xa6 https://t.co/dXDYy3pJZl'
2019-05-05 01:57:02,b'Win a #OnePlus 6T with #Android Headlines https://t.co/sgrDkMqWVZ @androidheadline #google #giveaway #contest\xe2\x80\xa6 https://t.co/YvZSDeHYCR'
2019-05-05 00:39:09,b'Win a #OnePlus 6T with #Android Headlines https://t.co/4EtZgGIGHd @androidheadline #google #giveaway #contest\xe2\x80\xa6 https://t.co/9ktikS0EjY'
2019-05-05 00:38:45,"b""Remember turbo power? Too bad Google decided to sell off #Motorola but I'm extremely happy with #OnePlus as a repla\xe2\x80\xa6 https://t.co/Szfij37Po7"""
2019-05-05 00:20:04,"b""@MKBHD @oneplus I'm concerned now \xf0\x9f\x98\x85.\n#OnePlus6T user"""
2019-05-04 22:53:32,"b'@zacbowden I have a #OnePlus6t. Expect greatness. Want to get a #OnePlus7 for my wife but it has no stylus, which s\xe2\x80\xa6 https://t.co/hafZxSA8V2'"
2019-05-04 22:33:59,b'Win a #OnePlus 6T with #Android Headlines https://t.co/n3IvETMRjI @androidheadline #google #giveaway #contest\xe2\x80\xa6 https://t.co/EpozY25dWc'
2019-05-04 22:13:03,b'Fountain #WTC2019 #oneplus6t https://t.co/hTp0Ab9frL'
2019-05-04 21:53:05,"b""RT @OnePlus_USA: Taking the world by storm! The #OnePlus6T finished ahead of all other Android smartphones in @Mashable's best tech of 2018\xe2\x80\xa6"""
2019-05-04 21:25:02,"b""These are my two daily drivers. The #OnePlus6T and the #GalaxyS10. \nAs I've said in my video review, my wishlist fo\xe2\x80\xa6 https://t.co/cbCEnbqFqQ"""
2019-05-04 21:14:57,b'The betrayal I felt when @oneplus introduced #OnePlus7Series and I just bought #OnePlus6T few months ago.. \xf0\x9f\x98\xad\xf0\x9f\x98\xad\xf0\x9f\x98\xad'
2019-05-04 20:11:58,b'RT @4vdobrynin: Win a #OnePlus 6T with #Android Headlines https://t.co/f6fI5KHod4 @androidheadline #google #giveaway #contest #android #One\xe2\x80\xa6'
2019-05-04 20:09:24,b'Win a #OnePlus 6T with #Android Headlines https://t.co/f6fI5KHod4 @androidheadline #google #giveaway #contest\xe2\x80\xa6 https://t.co/83nleE1omJ'
2019-05-04 20:03:41,b'Win a #OnePlus 6T with #Android Headlines https://t.co/Ir1frCVCCK @androidheadline #google #giveaway #contest\xe2\x80\xa6 https://t.co/oM9oJFdTI7'
2019-05-04 19:57:59,b'@GISSupport @OnePlus_IN Is it worth to buy #OnePlus7 or to buy #Oneplus6T on Amazon sale as it is now at best least\xe2\x80\xa6 https://t.co/sPn7K7VwQo'
2019-05-04 18:36:53,b'Win a #OnePlus 6T with #Android Headlines https://t.co/i0r4J3jQa1 @androidheadline #google #giveaway #contest\xe2\x80\xa6 https://t.co/9TTvZjjszs'
2019-05-04 18:09:49,b'Keep going! Everything will come to you at the right time! \n#Twitter #OnePlus6T #neversettle https://t.co/B6p7pkoi1z'
2019-05-04 17:56:13,"b""Got #OnePlus6T and I'm really happy to see the User experience of this device is really astonishing cause it's an a\xe2\x80\xa6 https://t.co/G8m9rvcYJ6"""
2019-05-04 17:48:56,"b""#Realme didn't have much time to make their own wallpaper. Copied from #OnePlus6T #McLaren Edition\xf0\x9f\x98\x90 https://t.co/HPijvppGSP"""
2019-05-04 17:23:30,b'#OnePlus6T is selling at low price ..grab it'
2019-05-04 17:08:41,b'New video is UP on @YouTube!\nAbout OnePlus NOT Having An IP Rating\n\nhttps://t.co/2JztDgr5aU\n\n#oneplus #iprating\xe2\x80\xa6 https://t.co/3fSNuFEgZT'
2019-05-04 16:25:23,b'@verge #OnePlus6T better than both of them'
2019-05-04 16:18:05,b'Shot on OnePlus 6T \n\n#shotononeplus #OnePlus6T https://t.co/omUdaF8X48'
2019-05-04 15:30:20,"b'Never judge your position, only judge your moments.\n#vibes #saturday #Sunshine #sunbath #mazdoori #awesome #kill\xe2\x80\xa6 https://t.co/Dk1E1fafEK'"
2019-05-04 13:29:54,"b'Best Offers of @amazonIN #SummerSale 2019: #OnePlus6T, @Apple #iPhoneX, @XiaomiIndia #Redmi6A\n#Redmi #Apple\xe2\x80\xa6 https://t.co/bErShRkKT7'"
2019-05-04 12:54:50,b'Oneplus 7 pro India Price...\nThanks to ishanagarwal24 for the leak.\n\nFollow @vermaekansh\n\n#oneplus #oneplus6\xe2\x80\xa6 https://t.co/DDHuvz15Mc'
2019-05-04 12:26:18,b'#OnePlus will lose more than just a few customers with this. One has to hope that the #OnePlus7 sets itself apart f\xe2\x80\xa6 https://t.co/OGeQKy0IKI'
2019-05-04 12:15:27,"b""Great article. I have to agree, the 6T is my favorite phone right now... tho' I'm definitely getting that beautiful\xe2\x80\xa6 https://t.co/zGtVD8CNbI"""
2019-05-04 11:43:04,b'RT @ppickCH: \xf0\x9d\x97\xa0\xf0\x9d\x98\x86 \xf0\x9d\x98\x84\xf0\x9d\x97\xb2\xf0\x9d\x97\xb2\xf0\x9d\x97\xb8\xf0\x9d\x97\xb2\xf0\x9d\x97\xbb\xf0\x9d\x97\xb1 \xf0\x9f\x92\xac\n#Android #Homescreen #design #kwgt #widget #minimalist #Oneplus6 #OnePlus6T https://t.co/jyRqdxhOjr'
2019-05-04 11:04:59,b'RT @ppickCH: \xf0\x9d\x97\xa0\xf0\x9d\x98\x86 \xf0\x9d\x98\x84\xf0\x9d\x97\xb2\xf0\x9d\x97\xb2\xf0\x9d\x97\xb8\xf0\x9d\x97\xb2\xf0\x9d\x97\xbb\xf0\x9d\x97\xb1 \xf0\x9f\x92\xac\n#Android #Homescreen #design #kwgt #widget #minimalist #Oneplus6 #OnePlus6T https://t.co/jyRqdxhOjr'
2019-05-04 10:52:31,"b'RT @IBTimesIN_Tech: OnePlus offer you cannot refuse: OnePlus 6T is Rs 10,500 cheaper on Amazon \n\nhttps://t.co/mobVGWR9Ps via @ibtimes_india\xe2\x80\xa6'"
2019-05-04 10:44:22,"b""Here's All You Need To Know about the new #OnePlus7Pro\n#OnePlus7Series @oneplus @OnePlus_IN #OnePlus6t\xe2\x80\xa6 https://t.co/atTO0DaKKa"""
2019-05-04 10:40:00,"b'OnePlus offer you cannot refuse: OnePlus 6T is Rs 10,500 cheaper on Amazon \n\nhttps://t.co/mobVGWR9Ps via\xe2\x80\xa6 https://t.co/XfSbzCi1Se'"
2019-05-04 10:22:34,"b'#OnePlus6T (Midnight Black, 8GB RAM, 128GB Storage) for Rs. 32999/- (21% Off) at #AmazonIndia.\nFor Additional\xe2\x80\xa6 https://t.co/HUqWpWgkKn'"
2019-05-04 09:21:03,"b'You can grab the OnePlus 6T for Rs 29,999 ($433) in the Amazon Summer Sale #OnePlus #OnePlus6T\xe2\x80\xa6 https://t.co/EuFz4dg5d5'"
2019-05-04 08:55:23,"b'Wow the #Oneplus6T 8+128GB variant is now available at just 32,999 as OnePlus were claiming that they sell just one\xe2\x80\xa6 https://t.co/teRzrzwX6n'"
2019-05-04 08:20:53,b'Upgraded my #Oneplus3 to #Oneplus6T. One flag ship to another. Thank you @OnePlus_IN @oneplus thank you @getpeid\xe2\x80\xa6 https://t.co/QxvOULvxTF'
2019-05-04 08:09:38,b'OnePlus\xe2\x80\x99s Tencent Powered Cleanup Feature Creates Controversy for Sending Data Overseas\nhttps://t.co/lp8ZyE7DNZ\xe2\x80\xa6 https://t.co/R5xTsCHnHq'
2019-05-04 07:59:28,"b'#RecoverDeletedData #OnePlus6t This page will help #OnePlus 6T phone user to #recover deleted #photos, videos, cont\xe2\x80\xa6 https://t.co/BA2skAsjyL'"
2019-05-04 07:43:35,"b""@OnePlus_IN forget the significance of number?! that's why the prices of #OnePlus6T drop flat Rs 9000/- post 6 mont\xe2\x80\xa6 https://t.co/kzq2EpJGRN"""
2019-05-04 07:37:13,b'#OneplusClicks #Oneplus6t #Travel #Dammam #Dubai #Trivandrumv#GodsOwnCountry #Edited #Snapseed #Emirates #Flight\xe2\x80\xa6 https://t.co/eyy2pH6iiS'
2019-05-04 07:27:30,"b'To those who r in confusion- \nIf u r ready to spend 40k+ wait for op7 else buy op6t. I hv ordered op6t 8gb,256gb ve\xe2\x80\xa6 https://t.co/7fvADgy3LU'"
2019-05-04 07:22:35,b'Falling in love with #OnePlus family.\n#OnePlus5t #OnePlus6t https://t.co/6QyEmbgoLN'
2019-05-04 07:13:36,"b""I'll stick to my #OnePlus6t for now https://t.co/017sJ217EE"""
2019-05-04 06:50:00,"b'#OnePlus6T is selling at cheapest price ever of Rs 29,999 and that makes this best and last time to buy it\xe2\x80\xa6 https://t.co/osxUAaPzDb'"
2019-05-04 06:15:01,"b""IP rating does not matter for OnePlus 6 or 7. Recent buzz around this is too high. It's good to keep end price low\xe2\x80\xa6 https://t.co/TNVBS9QFxT"""
2019-05-04 06:06:32,b'RT @HornoFilms: Edificio | Building\n\n#photograper\n@jesusgar21\n\n#arquitectura #filmmaker #filmeditor #colorgrading #oneplus6t #onepluslife #\xe2\x80\xa6'
2019-05-04 05:54:08,b'RT @ppickCH: \xf0\x9d\x97\xa0\xf0\x9d\x98\x86 \xf0\x9d\x98\x84\xf0\x9d\x97\xb2\xf0\x9d\x97\xb2\xf0\x9d\x97\xb8\xf0\x9d\x97\xb2\xf0\x9d\x97\xbb\xf0\x9d\x97\xb1 \xf0\x9f\x92\xac\n#Android #Homescreen #design #kwgt #widget #minimalist #Oneplus6 #OnePlus6T https://t.co/jyRqdxhOjr'
2019-05-04 05:07:48,b'Again pissed with the oneplus 6t phone...\nEven after getting the motherboard changed the phone still backs applicat\xe2\x80\xa6 https://t.co/RFX1j9T2KW'
2019-05-04 04:34:03,"b""Life is like a camera. Focus on what's important, capture the good times, develop from the negatives and if it does\xe2\x80\xa6 https://t.co/1lmf5oIdNH"""
2019-05-04 04:22:25,b'summer sale is on click on the link to get best deal :https://t.co/4dTcfbh9EK\n\n#Amazon #AmazonIndia #Sales\xe2\x80\xa6 https://t.co/Y5F9zYSkXL'
2019-05-04 04:21:40,b'New video is out on my channel cheack it now.\nhttps://t.co/4m8yP69Z9d\n#OnePlus7Series #OnePlus7Pro #OnePlus6T\xe2\x80\xa6 https://t.co/FHtSgFjC0x'
2019-05-04 04:10:16,"b'""Wherever you go, no matter what the weather, always bring your own sunshine."" \n#SaturdayThoughts\xe2\x80\xa6 https://t.co/IFsXfBHTaN'"
2019-05-04 04:03:08,b'@Ameya_ayemA you definitely didn\xe2\x80\x99t receive a bucket with your #OnePlus6T \xf0\x9f\x98\x9d\xf0\x9f\x98\x82\xf0\x9f\x98\x82 https://t.co/izYhgsVRtp'
2019-05-04 03:15:03,"b""My #OnePlus6T double Tap to wake up doesn't work sometimes there might be some bug @OnePlus_Support @OnePlus_IN"""
2019-05-04 02:56:22,b'2 of my best purchases of 2018 \xf0\x9f\x98\x8d\xe2\x9d\xa4 and my current daily drivers\xe2\x9d\xa4\n#OnePlus6T #GalaxyS9Plus https://t.co/nas1wCXRCG'
2019-05-04 02:54:19,b'A beautiful day in Shanghai.\n.\n.\n.\n.\n---\n#shanghai #china ##centurypark #kerryhotel #sky #clouds #bluesky\xe2\x80\xa6 https://t.co/gPqLLb6hN9'
2019-05-04 02:41:57,b'Edificio | Building\n\n#photograper\n@jesusgar21\n\n#arquitectura #filmmaker #filmeditor #colorgrading #oneplus6t\xe2\x80\xa6 https://t.co/WyTanjHLH4'
2019-05-04 02:08:39,"b""My transitions forgot how to transition \xf0\x9f\x98\x82\n\nHow was everyone's week?\n\n#daytime #sunglasses #glasses #nyc #manhattan\xe2\x80\xa6 https://t.co/9hJ2rwJ2Zu"""
2019-05-04 00:44:13,b'RT @TechZilla_: I will be attending the #OnePlus7Series launch event what about you? This is going to be epic \xf0\x9f\xa4\xa9 @OnePlus_UK @oneplus #onepl\xe2\x80\xa6'
2019-05-03 23:15:33,b'Eye of Cade? #onassignment #gainesville #sauronmaybe? #photography #architecture #details #oneplus6t @ Cade Museum\xe2\x80\xa6 https://t.co/4l5ABbym3P'
2019-05-03 20:05:21,b'RT @gollarmanjunath: Sand City\n.\n.\n.\n\xf0\x9f\x93\xb8 #oneplus6t\nEdit :- @lightroom\n. . . . \n#shotononeplus\n#shotononeplus6t\n#mumbaikar #mumbai #amchimumb\xe2\x80\xa6'
2019-05-03 19:25:16,b'Pizzacomingout #oneplus6t https://t.co/Qwzt0WFDTs'
2019-05-03 19:02:50,"b""#OnePlus6T, #OnePlus 6's Tencent-Powered Cleanup Feature Creates Controversy for Sending Data Overseas(#China )\xe2\x80\xa6 https://t.co/JnNBe3SORf"""
2019-05-03 18:52:10,b'Sand City\n.\n.\n.\n\xf0\x9f\x93\xb8 #oneplus6t\nEdit :- @lightroom\n. . . . \n#shotononeplus\n#shotononeplus6t\n#mumbaikar #mumbai\xe2\x80\xa6 https://t.co/GE2OC9KW7Q'
2019-05-03 18:38:29,b'Right or Left for my #OnePlus6T Midnight Black ? @oneplus_fr @elonmusk @SpaceX @Tesla @CoqueDesign https://t.co/O4OmtDE4HV'
2019-05-03 18:34:54,b'Live now for all users #OnePlus6T deal https://t.co/Cg8CbPiCiB'
2019-05-03 18:33:34,"b'The OnePlus 6T with 8GB RAM and 128GB storage will cost Rs 32,999 on Amazon India. The 8GB RAM and 256GB version wi\xe2\x80\xa6 https://t.co/J3YD8BCmSt'"
2019-05-03 18:26:41,"b'RT @GadgetsFlix: #OnePlus7Pro pre-bookings started in India today on #amazonIN\nPre-book now at \xe2\x82\xb91,000 and get 6 months free screen replacem\xe2\x80\xa6'"
2019-05-03 17:53:29,b'Jazz #slowshutter #oneplus6t https://t.co/eXCVP7bXJZ'
2019-05-03 17:40:54,"b'So I can see the #Oneplus6T has a massive discount on @amazonIN right now, with the #Oneplus7 just a couple weeks a\xe2\x80\xa6 https://t.co/rPIycQirsL'"
2019-05-03 17:28:28,b'@getpeid How much SAR value of #oneplus6t'
2019-05-03 16:37:56,"b'Hey @TechnicalGuruji Gaurav bhai, today OnePlus 6t is going for sale. Should I go for it or shall i wait for OnePlu\xe2\x80\xa6 https://t.co/ucgNNzub2z'"
2019-05-03 16:32:00,b'@amazonIN @OnePlus_IN you guys drop prices like market crash. One plus 6t dropped flat Rs 9000. Bought new\xe2\x80\xa6 https://t.co/kk4kUn235o'
2019-05-03 15:33:52,b'The best time to buy one? #OnePlus6T\nhttps://t.co/Tvc8qCjRbv'
2019-05-03 15:31:43,"b'Ciao everyone,\nPlease #help me to decide on #buying #smartphone \n#OnePlus6T or #Apple #iPhoneXR .\nReply with your r\xe2\x80\xa6 https://t.co/qWmECc4fTK'"
2019-05-03 15:21:09,"b'OnePlus 7 Pro first look, Features and launch date | OnePlus 7 pro Offic... https://t.co/bmuMtfIzhS via @YouTube\xe2\x80\xa6 https://t.co/vYKJfDw8aq'"
2019-05-03 15:09:57,b'Almost every single youtuber has had issues with the in display fps on #OnePlus6T ...\nHope you do better on 14th...\xe2\x80\xa6 https://t.co/sbOPZk7i44'
2019-05-03 14:57:18,"b""RT @gvrb21: @geekyranjit #Oneplus6t is still a good deal to buy or worth waiting for #Oneplus7 ??\n\n*Note: Currently I'm using Galaxy A7 old."""
2019-05-03 14:35:53,b'@PeteLau @getpeid @oneplus @OnePlus_IN its been 4yrs since i bought #oneplusone and a fan since then and so back th\xe2\x80\xa6 https://t.co/3MOXL5yEyt'
2019-05-03 14:34:03,b'RT @IndiaToday: Attention #OnePlus fans! \n#OnePlus6T is now selling at the lowest price ever! \nDon\xe2\x80\x99t believe us? Check out the phone on Ama\xe2\x80\xa6'
2019-05-03 14:33:46,b'Attention #OnePlus fans! \n#OnePlus6T is now selling at the lowest price ever! \nDon\xe2\x80\x99t believe us? Check out the phon\xe2\x80\xa6 https://t.co/mGVNFKxNCD'
2019-05-03 14:33:01,"b'RT @OnePlus_IN: Built to provide a premium experience, the dual camera on the #OnePlus6T captures the best details, day or night https://t.\xe2\x80\xa6'"
2019-05-03 14:30:20,"b'RT @amazonIN_Deals: #OnePlus6T Flat Rs 9000/- Off \n\n8GB + 128GB for Rs 32,999 (Lowest Price ever)\n\nAdditional Cash back on SBI cards.\n\n#Ama\xe2\x80\xa6'"
2019-05-03 14:23:51,b'If you want to choose a brand for better cameras - which would you choose ?\n#OnePlus6T #Samsung #GalaxyS10Plus'
2019-05-03 14:16:10,"b""That moment, when you've paid through your nose for your coolest (most expensive) phone so far, and just about 4 mo\xe2\x80\xa6 https://t.co/1eTeARQmAW"""
2019-05-03 14:01:52,"b'RT @IndianExpress: #OnePlus6T gets up to Rs 9,000 discount. Here are the details\nhttps://t.co/N9KK2P81en'"
2019-05-03 14:00:01,b'OnePlus is offering #OnePlus6T at a discounted price in India. @OnePlus_IN @amazonIN\nhttps://t.co/07HDayiGLL'
2019-05-03 13:59:04,"b'#OnePlus6T gets up to Rs 9,000 discount. Here are the details\nhttps://t.co/N9KK2P81en'"
2019-05-03 13:52:17,"b'OnePlus 6T 8GB Variant Available For As Low As Rs. 31,499 At Amazon Summer Sale https://t.co/0fPqCp02Gk via\xe2\x80\xa6 https://t.co/9qegtLPOkl'"
2019-05-03 13:42:01,b'When the sky and the sea were in the mood for drama!!!\n#Beach #skyscape #skyporn #waterscape #BlueSky #bluesea\xe2\x80\xa6 https://t.co/uHJI0qa98a'
2019-05-03 13:18:49,"b""It's for Rich ppl\n\nCommon man can't change phone in every six month. \nWhen you know you going to introduce\xe2\x80\xa6 https://t.co/tdC8Cg1gBS"""
2019-05-03 13:02:49,b'summer sale is on for prime members @amazonIN \n#OnePlus6T #Sale #Amazon #Summer2019 #discount #BadaHogaRupaiyaa\xe2\x80\xa6 https://t.co/A7mNznDYtX'
2019-05-03 12:57:08,b'\xe2\x80\x9cShopbullz app is coming soon !!!!!!\xe2\x80\x9c\n\n#amazon #enterpreneur #flipkart #iphonex #iphone #free #freedom #luxury\xe2\x80\xa6 https://t.co/X1TYAxfe3R'
2019-05-03 12:56:29,"b'#OnePlus6T (Midnight Black, #8GB RAM, #128GB Storage) for Rs. 32999/- (21% Off) at #AmazonIndia.\nFor Additional\xe2\x80\xa6 https://t.co/prDLcblP2d'"
2019-05-03 12:09:10,b'#Win a #OnePlus 6T with #Android Headlines https://t.co/uJFnDmpIPy @androidheadline #google #giveaway #contest\xe2\x80\xa6 https://t.co/E6OqHJPt0a'
2019-05-03 11:54:37,"b'#OnePlus6T, #iPhoneX, Samsung Galaxy M20 Discounts and Other Deals in #AmazonSummerSale2019 https://t.co/rtbqaUssBS'"
2019-05-03 11:46:34,"b'#OnePlus6T available at huge discounts on https://t.co/LSnVvAI0ke, https://t.co/GSLH2I2PC7; all offer details here\nhttps://t.co/Lw89Ms93Os'"
2019-05-03 11:30:36,"b'#OnePlus6T 8GB/128GB is available at a discounted price of Rs 32,999 from Rs 37,999 at #AmazonSummerSale\xe2\x80\xa6 https://t.co/HfnOM9no0m'"
2019-05-03 11:18:11,"b'RT @GadgetsFlix: Amazon Summer Sale - OnePlus 6T 8/128GB at an awesome price tag of \xe2\x82\xb932,999 | 10% Instant Discount on SBI cards #amazonIN\xe2\x80\xa6'"
2019-05-03 11:15:50,b'RT @GadgetsFlix: Which Snapdragon 855 Powered Flagship killer r u waiting for ??\n\n#OnePlus7 #OnePlus7Pro #RedmiX #RealmeX #xiaomi #OnePlus\xe2\x80\xa6'
2019-05-03 10:56:39,"b'Amazon Summer Sale - OnePlus 6T 8/128GB at an awesome price tag of \xe2\x82\xb932,999 | 10% Instant Discount on SBI cards\xe2\x80\xa6 https://t.co/3gGo6NYLyZ'"
2019-05-03 10:18:53,b'RT @ppickCH: \xf0\x9d\x97\xaa\xf0\x9d\x97\xbc\xf0\x9d\x97\xbf\xf0\x9d\x97\xb8\xf0\x9d\x97\xb1\xf0\x9d\x97\xae\xf0\x9d\x98\x86! - \xf0\x9d\x97\x9b\xf0\x9d\x97\xbc\xf0\x9d\x97\xba\xf0\x9d\x97\xb2\xf0\x9d\x98\x80\xf0\x9d\x97\xb0\xf0\x9d\x97\xbf\xf0\x9d\x97\xb2\xf0\x9d\x97\xb2\xf0\x9d\x97\xbb \xf0\x9d\x98\x84\xf0\x9d\x97\xb6\xf0\x9d\x98\x81\xf0\x9d\x97\xb5 \xf0\x9d\x97\xa5\xf0\x9d\x97\xb2\xf0\x9d\x97\xb1+ \xf0\x9d\x97\xb8\xf0\x9d\x98\x84\xf0\x9d\x97\xb4\xf0\x9d\x98\x81 \xf0\x9d\x98\x84\xf0\x9d\x97\xb6\xf0\x9d\x97\xb1\xf0\x9d\x97\xb4\xf0\x9d\x97\xb2\xf0\x9d\x98\x81 #Android #homescreen #design #kwgt #widget #Unsplash #wallpaper #UI #OnePlus6T #ne\xe2\x80\xa6'
2019-05-03 10:15:48,b'Need help\n#OnePlus6T #OnePlus7 #comparison  #OnePlus'
2019-05-03 09:49:19,"b'RT @gadgetsnow: This may be your last chance to buy #OnePlus6T below Rs 30,000\n\nhttps://t.co/IMlnzjFpcU'"
2019-05-03 09:32:45,b'Eager to get the #OnePlus6T? Or should you wait for #OnePlus7?\n\n@OnePlus_IN \n\n@htTweets \nhttps://t.co/wWArp1BypF'
2019-05-03 08:56:47,"b'This may be your last chance to buy #OnePlus6T below Rs 30,000\n\nhttps://t.co/IMlnzjFpcU'"
2019-05-03 08:37:09,b'I will be attending the #OnePlus7Series launch event what about you? This is going to be epic \xf0\x9f\xa4\xa9 @OnePlus_UK\xe2\x80\xa6 https://t.co/4HwsHqFGi2'
2019-05-03 08:23:05,b'RT @latestly: Huge Discount on #OnePlus6T Smartphone During #Amazon #SummerSale 2019!!\n@amazonIN @oneplus @OnePlus_IN #AmazonSummerSale #Am\xe2\x80\xa6'
2019-05-03 08:20:10,"b'The #OnePlus6, #OnePlus6T and Bullets Wireless \xf0\x9f\x98\x8d Which was your first #OnePlus device? #smartphone  @OnePlusLover\xe2\x80\xa6 https://t.co/1ab6nRCA3l'"
2019-05-03 08:10:45,b'Huge Discount on #OnePlus6T Smartphone During #Amazon #SummerSale 2019!!\n@amazonIN @oneplus @OnePlus_IN\xe2\x80\xa6 https://t.co/7AWwAZ81HR'
2019-05-03 08:08:45,b'Make yourself surprise\n#vibes #sunday #Sunshine #fashionhouse #fashion #mohali #chandigarh #out #mood #lovequotes\xe2\x80\xa6 https://t.co/9Eu2x5NJeC'
2019-05-03 07:25:56,"b'#Amazon\n#OnePlus6T (Midnight Black, 8GB RAM, 128GB Storage)\nby OnePlus\n\nM.R.P.: Rs 41,999/-\nDeal Price:  Rs 32,999/\xe2\x80\xa6 https://t.co/namMYbLBes'"
2019-05-03 07:25:16,b'Best Smartphone Deals Ever \n\nCheck Now --&gt; https://t.co/GgF3Ak0ppP\n\n#AmazonSummerSale\n#smartphones \n#sale\n#BestBuy\xe2\x80\xa6 https://t.co/I1D91WzUwZ'
2019-05-03 07:10:56,b'Hi @OnePlus_Support @oneplus\nMy one plus 6T is not vibrating when a call is connected. Setting to vibrate is turned\xe2\x80\xa6 https://t.co/J7JzOUUJMf'
2019-05-03 07:01:13,"b'RT @Deal_Trendz: #OnePlus6T | 8+128GB \xe2\x9a\xa1 at \xe2\x82\xb932,999\n\n\xf0\x9f\x8c\x9f 10% Instant Discount on SBI Bank Cards\n\n\xf0\x9f\x91\x89\xf0\x9f\x8f\xbc https://t.co/0sQqDMkeDe https://t.co/tHLmP\xe2\x80\xa6'"
2019-05-03 06:59:35,b'#oneplus6t 8GB variant Amazon summer sale prize - 32k With all offers.\nis it good to go with it or wait for #OnePlus7?'
2019-05-03 06:59:18,"b'#OnePlus6T | 8+128GB \xe2\x9a\xa1 at \xe2\x82\xb932,999\n\n\xf0\x9f\x8c\x9f 10% Instant Discount on SBI Bank Cards\n\n\xf0\x9f\x91\x89\xf0\x9f\x8f\xbc https://t.co/0sQqDMkeDe https://t.co/tHLmPzcBOi'"
2019-05-03 06:33:00,"b'#OnePlus6T Flat Rs 9000/- Off \n\n8GB + 128GB for Rs 32,999 (Lowest Price ever)\n\nAdditional Cash back on SBI cards.\xe2\x80\xa6 https://t.co/B9r3asoiWb'"
2019-05-03 06:32:14,"b'.@amazonIN #SummerSale starts today: Offers on #OnePlus6T, #HuaweiP30Pro, gaming laptops, cameras and more\xe2\x80\xa6 https://t.co/8x7407803t'"
2019-05-03 06:31:00,b'Irresistible Offers on #Mobiles\n\n#AmazonSummerSale\n\nFlat Rs 9000/- Off on #Oneplus6T\n\n 10% instant discount on SBI\xe2\x80\xa6 https://t.co/4YyzktyJO8'
2019-05-03 06:27:47,"b'Deal will be live at 12\n\n#OnePlus6T (Midnight Black, 8GB RAM, 128GB Storage) at Rs.32,999/- only\n\nLink :\xe2\x80\xa6 https://t.co/Fp4apH8H0X'"
2019-05-03 06:24:05,"b'Upcoming @ 12pm\n\n#OnePlus6T (Midnight Black, 8GB RAM, 128GB Storage) at Rs.32,999 Plus\n\nLink:\xe2\x80\xa6 https://t.co/9TVTeoB4D0'"
2019-05-03 05:54:32,"b'#OnePlus7Pro pre-bookings started in India today on #amazonIN\nPre-book now at \xe2\x82\xb91,000 and get 6 months free screen r\xe2\x80\xa6 https://t.co/LS4NH2RmD9'"
2019-05-03 05:37:07,"b'@beebomco should i purchase #oneplus6T at \xe2\x82\xb931,999 or wait for #oneplus7 ?'"
2019-05-03 05:21:40,"b""@KishorekannanM #OnePlus7 could cost above Rs. 40,000 for the base variant. Also, it won't have much improvements o\xe2\x80\xa6 https://t.co/oZ57RLmXie"""
2019-05-03 04:55:19,b'@C4ETech In my opinion @OnePlus_IN @oneplus has relaunched #OnePlus6T as #OnePlus7 and #OnePlus7 as #OnePlus7Pro .\xe2\x80\xa6 https://t.co/NxlJ3HrJum'
2019-05-03 04:51:58,b'@beebomco In my opinion @OnePlus_IN @oneplus has relaunched #OnePlus6T as #OnePlus7 and #OnePlus7 as #OnePlus7Pro . What do you think?'
2019-05-03 04:29:49,b'OnePlus 7 pro !!!\nIn the clear render...\n\nFollow @vermaekansh\n-\n#oneplus #oneplus6 #oneplus7 #oneplus7pro\xe2\x80\xa6 https://t.co/rUaJbkUCkj'
2019-05-03 04:19:57,b'Hope this turns out as good as #OnePlus6T..\n\n#WaitingFor7 #OnePlus7 #OnePlus7Series'
2019-05-03 02:54:04,"b'@amazonIN #Amazon #AmazonPrime what sorcery is this? #advertised on your homepage, the cost of #OnePlus6T is being\xe2\x80\xa6 https://t.co/qyZayM7SGx'"
2019-05-03 01:26:05,"b'On my way to Shanghai, China.\n#secondinternationalshow #armaanmaliklive\n.\n.\n.\n.\n----\n#airindia #clouds #bluesky\xe2\x80\xa6 https://t.co/cs1oFZPzVn'"
2019-05-03 00:32:29,"b'RT @mrjlwilliams: They are on one now, lol...wow.  They even have the famous PURPLE #OnePlus6T in stock now.  I just sold my other one plus\xe2\x80\xa6'"
2019-05-03 00:31:58,b'#Win a #OnePlus 6T with #Android Headlines https://t.co/DbsLXvybKt @androidheadline #google #giveaway #contest\xe2\x80\xa6 https://t.co/bepszOYJfY'
2019-05-03 00:18:47,"b'RT @mrjlwilliams: They are on one now, lol...wow.  They even have the famous PURPLE #OnePlus6T in stock now.  I just sold my other one plus\xe2\x80\xa6'"
2019-05-03 00:06:43,"b'RT @mrjlwilliams: They are on one now, lol...wow.  They even have the famous PURPLE #OnePlus6T in stock now.  I just sold my other one plus\xe2\x80\xa6'"
2019-05-02 23:57:37,"b'They are on one now, lol...wow.  They even have the famous PURPLE #OnePlus6T in stock now.  I just sold my other on\xe2\x80\xa6 https://t.co/qTZe63yDyz'"
2019-05-02 18:58:53,b'Best Android Phone May International Giveaway from Android Authority\nSamsung #GalaxyS10Plus #GalaxyS10e\xe2\x80\xa6 https://t.co/6fpt35kyOi'
2019-05-02 18:58:27,b'cricket &amp; Nature \xe2\x9d\xa4\xf0\x9f\x8d\x81 \xe2\x80\x94\xe2\x80\x94\xe2\x80\x94\xe2\x80\x94\xe2\x80\x94\xe2\x80\x94\xe2\x80\x94\xe2\x80\x94\xe2\x80\x94\xe2\x80\x94\xe2\x80\x94\xe2\x80\x94\xe2\x80\x94\xe2\x80\x94\xe2\x80\x94\xe2\x80\x94\xe2\x80\x94\xe2\x80\x94\xe2\x80\x94\xe2\x80\x93\nShot on: #oneplus6t \xf0\x9f\x93\xb7\xe2\xa0\x80\xe2\xa0\x80\xe2\xa0\x80\xe2\xa0\x80\xe2\xa0\x80\xe2\xa0\x80\xe2\xa0\x80\xe2\xa0\x80 \xe2\x80\x94\xe2\x80\x94\xe2\x80\x94\xe2\x80\x94\xe2\x80\x94\xe2\x80\x94\xe2\x80\x94\xe2\x80\x94\xe2\x80\x94\xe2\x80\x94\xe2\x80\x94\xe2\x80\x94\xe2\x80\x94\xe2\x80\x94\xe2\x80\x94\xe2\x80\x94\xe2\x80\x94\xe2\x80\x94\xe2\x80\x94\xe2\x80\x93 \n@oneplus\n@OnePlus_IN\xe2\x80\xa6 https://t.co/lIxB52LVOL'
2019-05-02 18:57:57,b'Best Android Phone May International Giveaway from Android Authority\nSamsung #GalaxyS10Plus #GalaxyS10e\xe2\x80\xa6 https://t.co/idnwQ4rPEU'
2019-05-02 18:03:24,b'oneplus 6t: Next 5 days may be the best time to buy OnePlus 6T. before launching of OP7 series\n#OnePlus7Pro\xe2\x80\xa6 https://t.co/s6KX6Octu6'
2019-05-02 17:57:31,"b'My first you tube video \n"" The Shoe Story "" Tap the link Below https://t.co/EFbnfIcrlV\nLike, Subscribe and Share...\xe2\x80\xa6 https://t.co/f8TpaDY9us'"
2019-05-02 16:57:29,b'RT @ppickCH: \xf0\x9d\x97\xaa\xf0\x9d\x97\xbc\xf0\x9d\x97\xbf\xf0\x9d\x97\xb8\xf0\x9d\x97\xb1\xf0\x9d\x97\xae\xf0\x9d\x98\x86! - \xf0\x9d\x97\x9b\xf0\x9d\x97\xbc\xf0\x9d\x97\xba\xf0\x9d\x97\xb2\xf0\x9d\x98\x80\xf0\x9d\x97\xb0\xf0\x9d\x97\xbf\xf0\x9d\x97\xb2\xf0\x9d\x97\xb2\xf0\x9d\x97\xbb \xf0\x9d\x98\x84\xf0\x9d\x97\xb6\xf0\x9d\x98\x81\xf0\x9d\x97\xb5 \xf0\x9d\x97\xa5\xf0\x9d\x97\xb2\xf0\x9d\x97\xb1+ \xf0\x9d\x97\xb8\xf0\x9d\x98\x84\xf0\x9d\x97\xb4\xf0\x9d\x98\x81 \xf0\x9d\x98\x84\xf0\x9d\x97\xb6\xf0\x9d\x97\xb1\xf0\x9d\x97\xb4\xf0\x9d\x97\xb2\xf0\x9d\x98\x81 #Android #homescreen #design #kwgt #widget #Unsplash #wallpaper #UI #OnePlus6T #ne\xe2\x80\xa6'
2019-05-02 16:41:53,b'@oneplus @OnePlus_IN  You beauty! \n#OnePlus6t https://t.co/B42ovqOmoW'
2019-05-02 15:53:25,b'@_Luvdog_ @yula_ro @oneplus @OnePlus_UK Battery life is still amazing! #OnePlus #OnePlus6T https://t.co/AwXJI4Mt9B'
2019-05-02 15:31:46,"b'@moberndo @gsmarena_com but the #OnePlus7 (6.2"")\nis smaller than the #OnePlus6T (6.4"")'"
2019-05-02 15:18:21,b'RT @trakin: Checkout the top ten smartphone deals on #amazonsummersale \n#OnePlus6T #GalaxyM20 #iPhoneX #honorview20 \nhttps://t.co/FC9xwHxstE'
2019-05-02 15:01:40,b'OxygenOS Open Beta 17 for the #OnePlus 6 and Open Beta 9 for OnePlus 6T https://t.co/553gCeznHL #oneplus6 #oneplus6t'
2019-05-02 15:01:39,b'Win a #OnePlus 6T with #Android Headlines https://t.co/lBoiX58R1V @androidheadline #google #giveaway #contest\xe2\x80\xa6 https://t.co/ahcioOn9vC'
2019-05-02 14:52:49,"b""Let it have this notchless display #OnePlus7Pro \n\nSince selling my #OnePlus6T I've missed \xe2\x81\xa6@oneplus\xe2\x81\xa9 's #OxygenOS\xe2\x80\xa6 https://t.co/oBbVV9ph7E"""
2019-05-02 14:20:16,b'RT @JayminSOfficial: #OnePlus6T features a OnePlus\xe2\x80\x99s largest display ever with an 86% screen-to-body ratio and in-display fingerprint senso\xe2\x80\xa6'
2019-05-02 14:14:57,b'I guess you are taking a trip too...\n\n#tech #sevice #issues #nightmare #backups #oneplus #6t #oneplus6t #fajita https://t.co/AQmqjska69'
2019-05-02 13:48:51,"b""It's not just the phone, it's beyond that. What an incredible handset @oneplus @OnePlus_IN has ever produced , stun\xe2\x80\xa6 https://t.co/MOJs7KfPKU"""
2019-05-02 13:20:51,b'@beebomco #OnePlus6T will discountinue after #OnePlus7 launch? @OnePlus_IN'
2019-05-02 13:10:54,"b'@mipaltan clicked this at around 3 am at Marine Drive, Mumbai, India.\n\nClicked from Oneplus 6t \n @oneplus @getpeid\xe2\x80\xa6 https://t.co/k3nu6VlTbj'"
2019-05-02 13:10:10,b'RT @ashissh: @OnePlus_IN Dear @oneplus @OnePlus_IN  smoooth butter crispy #OnePlus7Pro ki HUGE price Tag mention it for pre order I want to\xe2\x80\xa6'
2019-05-02 13:09:54,b'@OnePlus_IN Dear @oneplus @OnePlus_IN  smoooth butter crispy #OnePlus7Pro ki HUGE price Tag mention it for pre orde\xe2\x80\xa6 https://t.co/BXbPQkVia4'
2019-05-02 12:56:16,"b'While the #OnePlus7 is just about to arrive, the company brings down the price of the #OnePlus6T to just Rs. 32,999\nhttps://t.co/Qnn8SFAJpQ'"
2019-05-02 12:54:29,b'RT @h4emtfr: Screen to body ratio Game Boy classic vs OnePlus 6T\n\n#Gameboy #OnePlus6T https://t.co/1ozLgfxgOX'
2019-05-02 12:13:57,b'RT @trakin: Checkout the top ten smartphone deals on #amazonsummersale \n#OnePlus6T #GalaxyM20 #iPhoneX #honorview20 \nhttps://t.co/FC9xwHxstE'
2019-05-02 12:07:12,b'RT @trakin: Checkout the top ten smartphone deals on #amazonsummersale \n#OnePlus6T #GalaxyM20 #iPhoneX #honorview20 \nhttps://t.co/FC9xwHxstE'
2019-05-02 11:35:18,b'Screen to body ratio Game Boy classic vs OnePlus 6T\n\n#Gameboy #OnePlus6T https://t.co/1ozLgfxgOX'
2019-05-02 11:30:44,b'RT @trakin: Checkout the top ten smartphone deals on #amazonsummersale \n#OnePlus6T #GalaxyM20 #iPhoneX #honorview20 \nhttps://t.co/FC9xwHxstE'
2019-05-02 11:22:50,b'RT @trakin: Checkout the top ten smartphone deals on #amazonsummersale \n#OnePlus6T #GalaxyM20 #iPhoneX #honorview20 \nhttps://t.co/FC9xwHxstE'
2019-05-02 11:19:05,b'RT @trakin: Checkout the top ten smartphone deals on #amazonsummersale \n#OnePlus6T #GalaxyM20 #iPhoneX #honorview20 \nhttps://t.co/FC9xwHxstE'
2019-05-02 11:09:04,"b""RT @4_theloveoftech: I've recently sold my iPhone XR, Note 9 and iPhone X. My OP6 is also on eBay at $330. Thinking of selling the OP6tMcL\xe2\x80\xa6"""
2019-05-02 11:06:58,"b'@amazonIN could you Guys give a flat 9000 discount on #oneplus6t 6gb variant during summer sale. Or only for 41,999\xe2\x80\xa6 https://t.co/xTUi7EWMjm'"
2019-05-02 11:04:58,b'RT @indiapicturesXL: RT @indiapicturesXL: RT @venkris61193: Into the Wild \xf0\x9f\x8c\xb5\n\xe2\x80\xa2~\xe2\x80\xa2~\xe2\x80\xa2~\xe2\x80\xa2~\xe2\x80\xa2~\xe2\x80\xa2\n#tamilnadu #ooty #wood\xe2\x80\xa6 https://t.co/Sw7jUZg32A'
2019-05-02 11:02:11,b'Checkout the top ten smartphone deals on #amazonsummersale \n#OnePlus6T #GalaxyM20 #iPhoneX #honorview20 \nhttps://t.co/FC9xwHxstE'
2019-05-02 11:00:48,"b""RT @4_theloveoftech: I've recently sold my iPhone XR, Note 9 and iPhone X. My OP6 is also on eBay at $330. Thinking of selling the OP6tMcL\xe2\x80\xa6"""
2019-05-02 10:59:56,"b""I've recently sold my iPhone XR, Note 9 and iPhone X. My OP6 is also on eBay at $330. Thinking of selling the OP6tM\xe2\x80\xa6 https://t.co/89NyFSZoMv"""
2019-05-02 10:00:45,b'I\xe2\x80\x99m a #diehard @Apple user but lately disappointed by #iPhone! Want to switch to @oneplus @OnePlus_IN Hope I win th\xe2\x80\xa6 https://t.co/8PqbVJLQt5'
2019-05-02 09:46:50,"b'#Oneplus6T, wait for #Oneplus7 or #iphoneXr which one to buy'"
2019-05-02 09:04:28,b'RT @indiapicturesXL: RT @venkris61193: Into the Wild \xf0\x9f\x8c\xb5\n\xe2\x80\xa2~\xe2\x80\xa2~\xe2\x80\xa2~\xe2\x80\xa2~\xe2\x80\xa2~\xe2\x80\xa2\n#tamilnadu #ooty #wood #house #full_phoneography\xe2\x80\xa6 https://t.co/7i6A3t48OQ'
2019-05-02 08:57:16,"b'@OnePlus_UK Who told you my #OnePlus6T is slow? I challenge you @OnePlus_UK, it is not. Prove it if you can.'"
2019-05-02 08:55:33,"b'@OnePlus_USA Who told you my #OnePlus6T is slow? I challenge you @OnePlus_USA, it is not. Prove it if you can.'"
2019-05-02 08:54:59,"b'@oneplus Who told you my #OnePlus6T is slow? I challenge you @oneplus, it is not. Prove it if you can.'"
2019-05-02 07:59:21,"b""OnePlus 6T, OnePlus 6, OnePlus 5T and OnePlus 5 get OxygenOS beta update: All that's new and improved\nRead more at:\xe2\x80\xa6 https://t.co/8FyOHK7Poo"""
2019-05-02 07:05:36,b'RT @venkris61193: Into the Wild \xf0\x9f\x8c\xb5\n\xe2\x80\xa2~\xe2\x80\xa2~\xe2\x80\xa2~\xe2\x80\xa2~\xe2\x80\xa2~\xe2\x80\xa2\n#tamilnadu #ooty #wood #house #full_phoneography #_coi #_woi #_soi\xe2\x80\xa6 https://t.co/RH4tMq0WPB'
2019-05-02 06:17:25,"b'RT @BibinAlexander_: Win a #OnePlus6T from PhoneCurry, India\xe2\x80\x99s most amazing phone recommendations platform! https://t.co/kOWOwvd1cW #phonec\xe2\x80\xa6'"
2019-05-02 06:14:14,"b""Oneplus 7 and OnePlus 7 Pro Spec's Leaked\n.\n.\n.\n#OnePlus #OnePlus7 #OnePlus7Pro #OnePlus7Series #OnePlus6T #Apple\xe2\x80\xa6 https://t.co/6nbvS5lvzk"""
2019-05-02 05:35:32,b'Privacy backlash after OnePlus 6/6T beta update integrates Tencent software in File Manager app\n\n#breaking #news\xe2\x80\xa6 https://t.co/tI1h2dNnWw'
2019-05-02 05:04:00,"b'.@amazonIN Summer Sale starts May 4: #OnePlus6T, #RealmeU1, @SamsungMobile #GalaxyM20, @Microsoft #XboxOneS,\xe2\x80\xa6 https://t.co/u9LcIaV8EU'"
2019-05-02 04:24:26,b'RT @ppickCH: \xf0\x9d\x97\xaa\xf0\x9d\x97\xbc\xf0\x9d\x97\xbf\xf0\x9d\x97\xb8\xf0\x9d\x97\xb1\xf0\x9d\x97\xae\xf0\x9d\x98\x86! - \xf0\x9d\x97\x9b\xf0\x9d\x97\xbc\xf0\x9d\x97\xba\xf0\x9d\x97\xb2\xf0\x9d\x98\x80\xf0\x9d\x97\xb0\xf0\x9d\x97\xbf\xf0\x9d\x97\xb2\xf0\x9d\x97\xb2\xf0\x9d\x97\xbb \xf0\x9d\x98\x84\xf0\x9d\x97\xb6\xf0\x9d\x98\x81\xf0\x9d\x97\xb5 \xf0\x9d\x97\xa5\xf0\x9d\x97\xb2\xf0\x9d\x97\xb1+ \xf0\x9d\x97\xb8\xf0\x9d\x98\x84\xf0\x9d\x97\xb4\xf0\x9d\x98\x81 \xf0\x9d\x98\x84\xf0\x9d\x97\xb6\xf0\x9d\x97\xb1\xf0\x9d\x97\xb4\xf0\x9d\x97\xb2\xf0\x9d\x98\x81 #Android #homescreen #design #kwgt #widget #Unsplash #wallpaper #UI #OnePlus6T #ne\xe2\x80\xa6'
2019-05-02 04:12:57,b'RT @ExpressTechie: #OnePlus6T #OnePlus5T are getting new OxygenOS beta updates  https://t.co/fXcnHyOWpQ'
2019-05-02 04:12:45,b'#OnePlus6T #OnePlus5T are getting new OxygenOS beta updates  https://t.co/fXcnHyOWpQ'
2019-05-02 03:59:29,b'\xf0\x9d\x97\xaa\xf0\x9d\x97\xbc\xf0\x9d\x97\xbf\xf0\x9d\x97\xb8\xf0\x9d\x97\xb1\xf0\x9d\x97\xae\xf0\x9d\x98\x86! - \xf0\x9d\x97\x9b\xf0\x9d\x97\xbc\xf0\x9d\x97\xba\xf0\x9d\x97\xb2\xf0\x9d\x98\x80\xf0\x9d\x97\xb0\xf0\x9d\x97\xbf\xf0\x9d\x97\xb2\xf0\x9d\x97\xb2\xf0\x9d\x97\xbb \xf0\x9d\x98\x84\xf0\x9d\x97\xb6\xf0\x9d\x98\x81\xf0\x9d\x97\xb5 \xf0\x9d\x97\xa5\xf0\x9d\x97\xb2\xf0\x9d\x97\xb1+ \xf0\x9d\x97\xb8\xf0\x9d\x98\x84\xf0\x9d\x97\xb4\xf0\x9d\x98\x81 \xf0\x9d\x98\x84\xf0\x9d\x97\xb6\xf0\x9d\x97\xb1\xf0\x9d\x97\xb4\xf0\x9d\x97\xb2\xf0\x9d\x98\x81 #Android #homescreen #design #kwgt #widget #Unsplash #wallpaper #UI\xe2\x80\xa6 https://t.co/eU17QGHau9'
2019-05-02 03:27:47,b'RT @GadgetsFlix: Which Snapdragon 855 Powered Flagship killer r u waiting for ??\n\n#OnePlus7 #OnePlus7Pro #RedmiX #RealmeX #xiaomi #OnePlus\xe2\x80\xa6'
2019-05-02 02:53:23,"b'#amazonspinwin #amazon #OnePlus6T #Chancetowin \nLife is short, just spin and win. https://t.co/fNkJBJUhxX'"
2019-05-02 02:42:15,b'Which Snapdragon 855 Powered Flagship killer r u waiting for ??\n\n#OnePlus7 #OnePlus7Pro #RedmiX #RealmeX #xiaomi\xe2\x80\xa6 https://t.co/Oun1aCotcg'
2019-05-02 01:15:43,b'Throwback Thursday!!! \n#Throwbackthursday #Siddhikali #Biskatjatra #Eveningtime #Traveldiaries #TravelNepal\xe2\x80\xa6 https://t.co/qLhyZYfi2h'
2019-05-02 01:04:21,"b'@TMobileHelp Hello, got a quick question? .. Is @TMobile planning to push an OTA update for the @OnePlus_USA\xe2\x80\xa6 https://t.co/bk8NRnxouu'"
2019-05-02 00:40:33,b'Trying to learn Android after being iPhone for 8 years is harder than I thought. #OnePlus6T #oneplus'
2019-05-01 22:36:00,b'@sprintcare why does the network not support #OnePlus6T ?'
2019-05-01 20:47:58,b'Now I get to know How Hard it is to gain #Trust of an #Animal to #Pose for a #Selfie #AnimalSelfie #OnePlus6T @ Sho\xe2\x80\xa6 https://t.co/XKBkiD5ao3'
2019-05-01 19:19:18,b'HOT TAKE:  I don\xe2\x80\x99t yet have an opinion on the #oneplus7 #OnePlus7Pro but I own a #OnePlus6T.  It was a risky move f\xe2\x80\xa6 https://t.co/fKP87rylw9'
2019-05-01 18:51:28,"b'Win a #OnePlus6T from PhoneCurry, India\xe2\x80\x99s most amazing phone recommendations platform! https://t.co/kOWOwvd1cW #phonecurry'"
2019-05-01 18:29:54,"b'OxygenOS Open Beta for OnePlus 6/6T and 5/5T brings new system update UI, quick reply improvements, and more\xe2\x80\xa6 https://t.co/6qcvHO5hyC'"
2019-05-01 18:03:16,b'@oneplus Very excited for this! Bye bye Sammy back to #OnePlus  for me. Missing my #OnePlus6T badly. Here I come #OnePlus7Series'
2019-05-01 17:53:52,"b""RT @oneplus: Think you know how to jump rope? We bet you can't do it like Peter. Never miss a skip on the super slow motion feature of the\xe2\x80\xa6"""
2019-05-01 17:43:54,"b""@Android I read that the Pixel 3 isn't selling well.  Maybe you should expand your carrier purchase availability be\xe2\x80\xa6 https://t.co/9HizpbPwwY"""
2019-05-01 17:36:47,b'Love this wallpaper #OnePlus6T https://t.co/gNFLpViRHM'
2019-05-01 17:33:22,b'Just tried to return my #OnePlus6T to @TMobile.  Made the mistake of listening to the hype.  Worst phone EVER!!  Ev\xe2\x80\xa6 https://t.co/qwoAUszpLF'
2019-05-01 17:21:33,"b'@oneplus Ok, so the #OnePlus6T will no longer work?'"
2019-05-01 17:15:01,b'Into the Wild \xf0\x9f\x8c\xb5\n\xe2\x80\xa2~\xe2\x80\xa2~\xe2\x80\xa2~\xe2\x80\xa2~\xe2\x80\xa2~\xe2\x80\xa2\n#tamilnadu #ooty #wood #house #full_phoneography #_coi #_woi #_soi #indiaclicks\xe2\x80\xa6 https://t.co/TOPET0CL8J'
2019-05-01 16:59:41,"b'@oneplus At the OnePlus offices\n\nEmployee: Sir, we only talk about speed in our marketing campaigns for the last tw\xe2\x80\xa6 https://t.co/rAUVz2dlxN'"
2019-05-01 15:30:00,b'Samsung #GalaxyS10 variants and #OnePlus6 #OnePlus6T receives Microsoft phone screen-mirroring support\xe2\x80\xa6 https://t.co/miW013UbRb'
2019-05-01 14:20:32,b'Win a #OnePlus 6T with #Android Headlines https://t.co/GyUtZO9dkd @androidheadline #google #giveaway #contest\xe2\x80\xa6 https://t.co/KJu8bixDRy'
2019-05-01 14:19:29,b'Win a #OnePlus 6T with #Android Headlines https://t.co/GyUtZOqOIN @androidheadline #google #giveaway #contest\xe2\x80\xa6 https://t.co/NUjJvyIa8D'
2019-05-01 14:04:17,"b'OnePlus Bullets Wireless second-gen earphones, Warp Charge 30 car charger leaked https://t.co/wCiPWIJ5Vg\xe2\x80\xa6 https://t.co/apjjHvsUjV'"
2019-05-01 11:49:42,b'Night Photography #OnePlus6T\n@OnePlus_IN @oneplus @dipalay @khabri_lal https://t.co/MOhUkeysbm'
2019-05-01 11:41:31,"b'RT @beingksrikanth: @OnePlus_IN @amazonIN At the OnePlus offices\n\nEmployee: Sir, we only talk about speed in our marketing campaigns for th\xe2\x80\xa6'"
2019-05-01 11:39:46,"b'@OnePlus_IN @amazonIN At the OnePlus offices\n\nEmployee: Sir, we only talk about speed in our marketing campaigns fo\xe2\x80\xa6 https://t.co/FhCmqf6YOY'"
2019-05-01 10:52:42,"b'At the OnePlus offices\n\nEmployee: Sir, we only talk about speed in our marketing campaigns for the last two years.\xe2\x80\xa6 https://t.co/UlwhIlo9RU'"
2019-05-01 10:36:48,"b'OnePlus Confirms New Features On OnePlus 7 Pro, OnePlus 7 Pro Comes With No Notch Display\nhttps://t.co/udDrX62ms3\xe2\x80\xa6 https://t.co/vCca0nMOxn'"
2019-05-01 09:34:28,"b""RT @oneplus: The #OnePlus6T earned the top spot on @businessinsider's 2018. Click here to find out why \xf0\x9f\x91\x89 https://t.co/IcvVQOPWU9 https://t.\xe2\x80\xa6"""
2019-05-01 09:32:32,b'RT @oneplus: Push the limits of your creativity. Capture real-life magic in slow motion on the #OnePlus6T.'
2019-05-01 09:31:38,b'RT @oneplus: Fast                               Smooth\n\n                   \xf0\x9f\xa4\x9d\n\n            #OnePlus6T'
2019-05-01 09:29:13,b'RT @oneplus: Did you know you can switch your active data SIM from the shade in OxygenOS? Never miss a beat with OxygenOS on the #OnePlus6T.'
2019-05-01 09:27:44,"b'RT @oneplus: Built to provide a premium experience, the dual camera on the\xc2\xa0#OnePlus6T captures the best details, day or night.\nhttps://t.co\xe2\x80\xa6'"
2019-05-01 09:26:24,"b'RT @oneplus: Unlock the future with the #OnePlus6T. Cutting-edge screen unlock technology, industry-leading hardware, and an elegant design\xe2\x80\xa6'"
2019-05-01 09:25:56,"b'RT @oneplus: Engineered to perform, designed to be seen. Experience the smooth design and expert craftsmanship of the #OnePlus6T.'"
2019-05-01 09:17:28,"b""RT @dashimangshu65: yaay....!!!!\xf0\x9f\x98\x80\xf0\x9f\x98\x80\xf0\x9f\x98\x8a\xf0\x9f\x98\x8a\xf0\x9f\xa4\x98\n\nI'm eligible for winning the prize at #OnePlus6TAmazonQuiz contest\xf0\x9f\x98\x8d\n\nthe Prize is #OnePlus6T  guys!\xe2\x80\xa6"""
2019-05-01 07:37:47,"b'dear @OnePlus_Support @oneplus @OnePlus_IN  i am totally frustrated from #oneplus6t , due to camera quality . i hav\xe2\x80\xa6 https://t.co/mzmzFJwhuQ'"
2019-05-01 07:22:00,b'OnePlus 6T 8GB 128GB : The Best OnePlus Phone Currently!! \xe2\x9d\xa4\xef\xb8\x8f\xf0\x9f\x98\x8e\xf0\x9f\x99\x8f\n\n#oneplus6t\xf0\x9f\x93\xb1#oneplus6t #oneplus6tcase #oneplus6tshot\xe2\x80\xa6 https://t.co/TDZFauKxEf'
2019-05-01 06:30:17,b'Cherry blossom are love #cherryblossom #rainydays #OnePlus6T #NorthEast #Flowers #India  @OnePlus_IN https://t.co/3OsWmlu1fw'
2019-05-01 05:48:03,b'Oneplus 6 &amp; 6T : Oxygen Os O/B 17 &amp; 09 Brings Overheating warning New system update UI &amp; bug Fixes\n#Oneplus6\xe2\x80\xa6 https://t.co/Ck7pE0OFOS'
2019-05-01 04:20:58,"b""@ASHari_Srinivas @geekyranjit @realmemobiles @oneplus I think the camera quality won't be same of both devices as b\xe2\x80\xa6 https://t.co/cOHzeuxjyW"""
2019-05-01 04:15:26,b'Bathroom view #PictureOfTheDay #HimachalPradesh #kullu #Snowfall #Shotononeplus #OnePlus6T #Oneplusindia\xe2\x80\xa6 https://t.co/PN8utx0uPt'
2019-05-01 04:08:57,"b'Wed, 01.05.19\n\nHappy Labour Day! \n\n#LabourDay2019 #FamilyMoment #ShotOnOnePlus #OnePlus6T @ Kuala Lumpur, Malaysia https://t.co/jDFFotrVGx'"
2019-05-01 03:24:45,b'Sorry #Amazon for late tweeting #AmazonMobilesQuiz \n#OnePlus6T #daily #quiz completed https://t.co/dxdN69Y7zJ'
2019-05-01 01:53:11,b'@TmoNews @AndroidAuth OnePlus 6T #OnePlus6T https://t.co/AEjG8NyTKo'
2019-04-30 22:06:54,b'Win a #OnePlus 6T with #Android Headlines  @androidheadline #google #giveaway #contest #android #OnePlus6T https://t.co/ZVLHSQwxGe'
2019-04-30 22:00:02,b'Loving my new #oneplus6t!! \n.\n.\n.\n.\n#photography #photooftheday #photo #photographer #love #instagood #nature #art\xe2\x80\xa6 https://t.co/1wQsHRxNpU'
2019-04-30 20:15:45,b'Win a #OnePlus 6T with #Android Headlines https://t.co/Gaj3ow066g @androidheadline #google #giveaway #contest\xe2\x80\xa6 https://t.co/06UDQXJBlp'
2019-04-30 20:15:22,b'Win a #OnePlus 6T with #Android Headlines https://t.co/Gaj3owhGXO @androidheadline #google #giveaway #contest\xe2\x80\xa6 https://t.co/9AbNPq3mtx'
2019-04-30 19:49:43,b'#WaitingFor7 indeed! #OnePlus7Series \nCurrently on a #OnePlus6T!!! https://t.co/hYumlQZbYH'
2019-04-30 19:12:40,"b""Who's going @OnePlus_USA launch May 14 .. Got mines, Do you got yours .. shot with #OnePlus6T https://t.co/73IRGUOIyO"""
2019-04-30 19:10:31,b'Look what just arrived @oneplus .. shot with #oneplus6t https://t.co/ARYzJ2Ccmo'
2019-04-30 18:28:12,b'Win a #OnePlus 6T with #Android Headlines https://t.co/RNPJoldWBQ @androidheadline #google #giveaway #contest\xe2\x80\xa6 https://t.co/EtOIYX7onM'
2019-04-30 18:18:11,b'Win a #OnePlus 6T with #Android Headlines https://t.co/g58NeHQc9f @androidheadline #google #giveaway #contest\xe2\x80\xa6 https://t.co/7eJ0KXG9fq'
2019-04-30 17:27:31,b'Win a #OnePlus 6T with #Android Headlines https://t.co/zhE4bm01oy @androidheadline #google #giveaway #contest\xe2\x80\xa6 https://t.co/dV1F6oR2if'
2019-04-30 16:49:37,b'Winter is here #GameofThrones shot on #OnePlus6T https://t.co/15Hs6s9U5C'
2019-04-30 16:21:44,"b'Hey ,one plus I think there is a problem in face unlock. Even my brother can unlock it. He is my elder brother.\xe2\x80\xa6 https://t.co/ZxsQnZUDVI'"
2019-04-30 16:13:27,b'Listen to your heart\nNot the crowd!\xe2\x9d\xa4\xef\xb8\x8f\n\n#art #lightroompresets  #lightroom #adobelightroom #editorialphotography\xe2\x80\xa6 https://t.co/LwprDD4zFI'
2019-04-30 15:26:31,b'RT @Akis_Evan: Salute to Speed. #OnePlus6T #limitededition @McLarenF1 https://t.co/NOnr3HQUBX'
2019-04-30 14:17:32,"b""@TT_TechnologyUK Still need this? I'm using #OnePlus6T still running oxygen os"""
2019-04-30 13:04:18,"b""@AndroidPolice I was gonna buy @madebygoogle Pixel but it's too expensive and end up buying #OnePlus6T because of t\xe2\x80\xa6 https://t.co/A7THQFz4rc"""
2019-04-30 12:17:46,"b'big notch, thick chin, at a premium price? No thanks.  I love my #OnePlus6T https://t.co/zbm0xDfzrE'"
2019-04-30 09:51:14,b'RT @TheMrPhone: #Realme3Pro vs #OnePlus6T camera comparison: you did not see that one coming!\n\n@realmemobiles @oneplus_india \n\nhttps://t.co\xe2\x80\xa6'
2019-04-30 07:59:11,b'\xe2\x80\x9cShopbullz app is coming soon !!!!!!\xe2\x80\x9c\n\n#amazon #enterpreneur #flipkart #iphonex #iphone #free #freedom #luxury\xe2\x80\xa6 https://t.co/iI1TBIWs6v'
2019-04-30 07:49:10,b'#Realme3Pro vs #OnePlus6T camera comparison: you did not see that one coming!\n\n@realmemobiles @oneplus_india \n\nhttps://t.co/ILkokjUT2Z'
2019-04-30 07:08:55,b'@oneplus from today on in one plus community #OnePlus6T @OnePlus_ME @SouqKSA https://t.co/2LdkB30gTt'
2019-04-30 06:28:58,"b""Supposed to be sleeping, but I'm too excited for the @OnePlus_USA  launch! One more pic from my #Seattle trip using\xe2\x80\xa6 https://t.co/GqydXdn7Fa"""
2019-04-30 06:09:24,"b""@amazonIN Subscribed\xe2\x98\x91\xef\xb8\x8f\nWanna go beyond the speed this time!\nI told my friend when he was buying #OnePlus6T that I'm\xe2\x80\xa6 https://t.co/ksFNWKy4ed"""
2019-04-30 05:19:07,b'RT @_AlteredTech: @Elmar_Raguse @getpeid @PeteLau You gotta try out the OnePlus 6 or 6t with gcam. You get good results even in low light s\xe2\x80\xa6'
2019-04-30 05:17:43,b'@Elmar_Raguse @getpeid @PeteLau You gotta try out the OnePlus 6 or 6t with gcam. You get good results even in low l\xe2\x80\xa6 https://t.co/VjUyxQ87JS'
2019-04-30 04:35:35,"b""3's Company first time I seen 3 flowers at one time! #aethanthegreatsponds #pondlife #lily  #waterlily\xe2\x80\xa6 https://t.co/SNbIe31NKM"""
2019-04-30 04:20:11,"b""I'm holding a #OnePlus6T, and really looking forward to the next best of @oneplus @OnePlus_IN \xf0\x9f\x98\x8d...\n#WaitingFor7\xe2\x80\xa6 https://t.co/mD1d9Uyfui"""
2019-04-30 02:19:31,b'Even with this rain someone opened up and said hi!  #pondlife #lily #waterlily #aethanthegreatsponds #guppy\xe2\x80\xa6 https://t.co/dMNwboMsau'
2019-04-30 02:12:05,"b'Six Months later, here are 6 reasons why I still believe the #OnePlus6t is still the best phone I have ever owned.\xe2\x80\xa6 https://t.co/BGhjEflIJI'"
2019-04-30 02:11:18,"b'Six Months later, here are 6 reasons why I still believe the #OnePlus6t is still the best phone I have ever owned.\xe2\x80\xa6 https://t.co/qd6MwmO7AF'"
2019-04-29 18:45:20,"b""It's my cats! #shotononeplus #OnePlus6T https://t.co/M6NCWZhROX"""
2019-04-29 18:05:21,b'In display fingerprint reader battle\n#OnePlus6T #nokia9pureview #SamsungGalaxyS10 by @RPIIITech\xe2\x80\xa6 https://t.co/VIfRbjeH9Q'
2019-04-29 17:14:18,b'I love the camera on my #OnePlus6T from @TMobile just a few pictures from my trip to #Seattle #BeMagenta https://t.co/5zKxGGON86'
2019-04-29 17:04:17,"b""Now my #Oneplus6T isn't charging until I spend atleast 10 minutes trying to connect the charger to my phone. I've t\xe2\x80\xa6 https://t.co/pokYzuPtPz"""
2019-04-29 16:39:33,"b""@sprint why does the network doesn't support #OnePlus6T ?"""
2019-04-29 16:19:01,b'5 reasons to give #OnePlus7Series a miss and hold on to #oneplus6t \nhttps://t.co/gVBvIL5sgJ'
2019-04-29 15:31:27,"b'RT @oneplus: Unlock the future with the #OnePlus6T. Cutting-edge screen unlock technology, industry-leading hardware, and an elegant design\xe2\x80\xa6'"
2019-04-29 14:40:11,"b""Wow! Just waiting #OnePlus7Series smartphones and excited about it's magnificent designs &amp; features.\n\n#WaitingFor7\xe2\x80\xa6 https://t.co/kTxVNj8oKs"""
2019-04-29 14:08:30,"b""#MSFeaturedProduct: Enjoy the features of a premium device on a midrange price. Shop the OnePlus 6T now while it's\xe2\x80\xa6 https://t.co/cmmizQjv8O"""
2019-04-29 13:56:41,b'RT @amazonIN: We are excited to announce that OnePlus 6T McLaren edition is back in stock on Amazon. Packed with 10GB RAM and whooping 256G\xe2\x80\xa6'
2019-04-29 12:13:16,b'@imloti OK. What sold you on the #OnePlus6T over the Pixel?'
2019-04-29 12:10:45,"b""@PolarLights7 It's a good phone. When we were ready to upgrade, we debated awhile between that and the #OnePlus6T a\xe2\x80\xa6 https://t.co/V54HEKqyGI"""
2019-04-29 10:25:03,b'RT @Amazon_Buyers: Push the limits of your creativity. Capture real-life magic in slow motion on the #OnePlus6T.\n\nClick here to buy now:\nht\xe2\x80\xa6'
2019-04-29 06:17:29,b'I have been using the OnePlus 6T for well over a month now. It has a smooth and very fluid Oxygen OS with no stutte\xe2\x80\xa6 https://t.co/DRT8xBhUDB'
2019-04-29 05:23:37,b'#AmazonCricketQuiz\n#oneplus6t \n@Amazon_Buyers \nCompleted https://t.co/Rrj0gWK2Yz'
2019-04-29 05:18:14,b'RT @protocol88: #AmazonCricketQuiz I got all right..  Get a chance to win #Oneplus6T #AmazonIndia #AmazonPrime'
2019-04-29 04:46:52,b'#AmazonCricketQuiz I got all right..  Get a chance to win #Oneplus6T #AmazonIndia #AmazonPrime'
2019-04-29 03:55:31,b'Just played this outstanding cricket quiz on Amazon and guess what I am eligible to win a brand new #OnePlus6T and\xe2\x80\xa6 https://t.co/1SsrspsXWt'
2019-04-29 03:44:20,"b""RT @FranklinDRivera: I consistently recommend smartphones from a company that few in the US have ever heard of over Apple's iPhones or Sams\xe2\x80\xa6"""
2019-04-29 01:53:00,"b""I consistently recommend smartphones from a company that few in the US have ever heard of over Apple's iPhones or S\xe2\x80\xa6 https://t.co/CBvSIs3f6S"""
2019-04-29 01:48:51,b'RT @Being_Arif_Sk: Happy Sunday Friends \xf0\x9f\x98\x89\n@YTCreatorsIndia \nJust a Simple Click #OnePlus7Series #Oneplus7 #Oneplus6t https://t.co/A3wVysxQOZ'
2019-04-28 20:23:18,b'@TMobile @JohnLegere So its basically May and my #OnePlus6T  is still rocking the January security patch and is sti\xe2\x80\xa6 https://t.co/311XPuBRET'
2019-04-28 19:34:49,b'Shot on #oneplus6t\n@oneplus https://t.co/oYJlMjh8I3'
2019-04-28 18:36:49,b'RT @Being_Arif_Sk: Happy Sunday Friends \xf0\x9f\x98\x89\n@YTCreatorsIndia \nJust a Simple Click #OnePlus7Series #Oneplus7 #Oneplus6t https://t.co/A3wVysxQOZ'
2019-04-28 18:28:10,"b'""#Summer Time"" #dry #Tree #branch #shotononeplus6T #oneplus6T #oneplus #shotononeplus #GoGreen #noleaf #noleaves\xe2\x80\xa6 https://t.co/AaE31E1HNa'"
2019-04-28 18:01:07,b'Happy Sunday Friends \xf0\x9f\x98\x89\n@YTCreatorsIndia \nJust a Simple Click #OnePlus7Series #Oneplus7 #Oneplus6t https://t.co/A3wVysxQOZ'
2019-04-28 17:59:06,"b""@amazonIN \nI'm eligible for #OnePlus6T\nThanks for #AmazonCricketQuiz https://t.co/ZxUAnxU7St"""
2019-04-28 17:17:49,b'@PeteLau What was the SAR value of #oneplus6t'
2019-04-28 17:16:42,b'\xe2\x80\x9cShopbullz app is coming soon !!!!!!\xe2\x80\x9c\n\n#amazon #enterpreneur #flipkart #iphonex #iphone #free #freedom #luxury\xe2\x80\xa6 https://t.co/VQFffiMUr9'
2019-04-28 17:04:23,"b""RT @OnePlus_IN: More power. It's coming. #OnePlus6T https://t.co/B2cCaS0fOH"""
2019-04-28 15:44:59,b'Peace in our times...\n#peace #ShotOnOnePlus #OnePlus #OnePlusIndia #OnePlus6T #Sunset #horizon #island #Beach\xe2\x80\xa6 https://t.co/dnax9cHT1D'
2019-04-28 14:47:00,b'#HudsonHeights #WashingtonHeights #Manhattan #NYC #NewYork - shot on @OnePlus_USA @oneplus #Oneplus6T https://t.co/Ze6bAVP9KS'
2019-04-28 13:08:04,b'@Androidheadline Grab your @oneplus  phablet using this voucher\nand save $20/\xe2\x82\xac/\xc2\xa3/1000rs on any accessory for your\xe2\x80\xa6 https://t.co/WodMhIipLs'
2019-04-28 12:41:46,b'Hey \n@amazonIN\n what actually am I getting?? \xf0\x9f\x98\x87\xf0\x9f\x98\x87\nWhat about a #oneplus6t\n#AmazonSpinandWin #AmazonPawsomeQuiz\xe2\x80\xa6 https://t.co/I2HqEGnr3y'
2019-04-28 12:25:19,b'RT @_AlteredTech: Damn! I feel and look like future Thor \xf0\x9f\x98\xad I also know #Google #Pixel3XL fans were hyped BUT many people in the theater wer\xe2\x80\xa6'
2019-04-28 09:00:18,b'\xe2\x80\xa2 720p 480fps \xe2\x80\xa2\nShot on @oneplus @OnePlus_IN #OnePlus6T\nEdited on https://t.co/FLIEb5GycX @ Banashankari https://t.co/SWX7X72Hw6'
2019-04-28 06:16:35,b'Damn! I feel and look like future Thor \xf0\x9f\x98\xad I also know #Google #Pixel3XL fans were hyped BUT many people in the theat\xe2\x80\xa6 https://t.co/KVBd86JHX0'
2019-04-28 06:12:11,b'#Feel the #Wind #roadtrip #Rodrigues #exploring #island #travel #instatravel #blackandwhite #sea #rocks #windy #day\xe2\x80\xa6 https://t.co/SiEtoUlDUW'
2019-04-28 05:54:43,"b""Grande Caverne is actually one of biggest #carvern in  #rodrigues. It's name comes from the size of the #entrance.\xe2\x80\xa6 https://t.co/NMxker9FjT"""
2019-04-28 04:10:46,"b""@androidadvices Isn't it amazing that #oneplus6t is on March security patch....whereas #oneplus5t will be on April...!!!!!"""
2019-04-28 03:24:20,b'#AmazonCricketQuiz\n@amazonIN \nI will winners one get #OnePlus7 \n#Oneplus6T'
2019-04-28 03:00:19,b'Enjoyed playing @amazonIN quiz #AmazonCricketQuiz . Its prize is #OnePlus6T'
2019-04-27 17:57:01,b'\xe2\x80\x9cShopbullz app is coming soon !!!!!!\xe2\x80\x9c\n\n#amazon #enterpreneur #flipkart #iphonex #iphone #free #freedom #luxury\xe2\x80\xa6 https://t.co/SfSXCPnfAn'
