2019-05-07 05:04:34,b'I Told You So\xf0\x9f\x91\x80\xf0\x9f\x91\x80 1847atlanta @gidewoninc Where you need To Be On A Monday come Enjoy A New Clean Environment &amp; Great\xe2\x80\xa6 https://t.co/CcqpQectJW'
2019-05-07 04:50:27,b'RT @sirpanek1: Playing Dark Souls 3 and eating French Fries. #gamer #games #frenchfries @pewdiepie @angryvideogamee #copystrike #fairuse #i\xe2\x80\xa6'
2019-05-07 04:37:37,b'#TBH I know damn well if I was a man...I\xe2\x80\x99d be an \xe2\x80\x9cAin\xe2\x80\x99t shit nigga\xe2\x80\x9d \xf0\x9f\xa4\xa6\xf0\x9f\x8f\xbb\xe2\x80\x8d\xe2\x99\x80\xef\xb8\x8f\xf0\x9f\xa4\xb7\xf0\x9f\x8f\xbb\xe2\x80\x8d\xe2\x99\x80\xef\xb8\x8f so I have no business talkin down on y\xe2\x80\x99all hoes \xf0\x9f\x91\x80\xf0\x9f\x98\x82'
2019-05-07 04:21:50,b'Playing Dark Souls 3 and eating French Fries. #gamer #games #frenchfries @pewdiepie @angryvideogamee #copystrike\xe2\x80\xa6 https://t.co/A13gvBavOQ'
2019-05-07 03:52:24,b'#Tbh if you get to see all your siblings every day your lucky as Hell my big bro &amp; 2 youngest baby sisters live in\xe2\x80\xa6 https://t.co/ELwktEA3Z3'
2019-05-07 03:52:00,"b'@donatella51 @nwayne66 What do you like watching? #Tbh, I have trouble watching most things anymore, rather create\xe2\x80\xa6 https://t.co/mn2GUaMkrX'"
2019-05-07 03:49:27,b'@Redria_ wish this was me #tbh'
2019-05-07 03:31:11,"b'RT @BoakyeAmie: Pls go like, share and retweet this, it would mean the world to me! https://t.co/75HnQidHZ2\n\n#fitness #usa #unitedstates #u\xe2\x80\xa6'"
2019-05-07 03:23:27,"b'Pls go like, share and retweet this, it would mean the world to me! https://t.co/75HnQidHZ2\n\n#fitness #usa\xe2\x80\xa6 https://t.co/QsQBBJYFuo'"
2019-05-07 03:18:02,"b""#tbh the only reason I don't run away from home as much now is prob. because I did all my running away when I was little\xf0\x9f\x99\x83"""
2019-05-07 03:15:48,b'I just learned about Camp today #tbh'
2019-05-07 03:08:31,b'go check out #TBH! \xf0\x9f\x99\x8c\xf0\x9f\x8f\xbd\xf0\x9f\x99\x8c\xf0\x9f\x8f\xbd https://t.co/7uMzw8Jpel'
2019-05-07 02:19:37,b'I Promise My Rider Will be Flying Through Paris With Purses You Dont Have Boo\xf0\x9f\x91\x88\xf0\x9f\x91\x81\xf0\x9f\x91\x81\xf0\x9f\x92\xaf\xe2\x98\x9d\xf0\x9f\x91\x82\xf0\x9f\x91\x82\xe2\x9c\x94\xf0\x9f\x99\x8f\xf0\x9f\x99\x8f\n.\n#iseeyouno\xf0\x9f\x90\x83\xf0\x9f\x92\xa9 #tbh I Will\xe2\x80\xa6 https://t.co/phpAoMjzk2'
2019-05-07 02:18:28,b'I Promise My Rider Honna be Glying Through Paris With Purses You Dont Have Boo\xf0\x9f\x91\x88\xf0\x9f\x91\x81\xf0\x9f\x91\x81\xf0\x9f\x92\xaf\xe2\x98\x9d\xf0\x9f\x91\x82\xf0\x9f\x91\x82\xe2\x9c\x94\xf0\x9f\x99\x8f\xf0\x9f\x99\x8f\n.\n#iseeyouno\xf0\x9f\x90\x83\xf0\x9f\x92\xa9 #tbh I Will\xe2\x80\xa6 https://t.co/WEr4b8FI0R'
2019-05-07 02:14:44,b'@LilNasX\n- #OldTownRoad #CantTellMeNothing #CHALLENGE #TBH\n\nLil Nas X - Old Town Road xxx Cant Tell Me Nothing CHAL\xe2\x80\xa6 https://t.co/EDfxs5kEhL'
2019-05-07 02:13:49,b'@LilNasX\n- #OldTownRoad #CantTellMeNothing #CHALLENGE #TBH\n\nLil Nas X - Old Town Road xxx Cant Tell Me Nothing CHAL\xe2\x80\xa6 https://t.co/RsrPwepxtv'
2019-05-07 01:57:16,b'RT @Glowconferences: Sale price up! #vegan #motivationmonday #traveltuesday #wcw #tbt #ootd #tbh #love #instagood #photooftheday #fashion #\xe2\x80\xa6'
2019-05-07 01:23:02,"b'I\xe2\x80\x99m feeling good tonight. Some ppl, when they\xe2\x80\x99re feeling good they do something gross like donate to charity or do\xe2\x80\xa6 https://t.co/Mg33VtmOCp'"
2019-05-07 00:43:10,b'#tbh clean hair can be the best feeling \xf0\x9f\x92\x86\xf0\x9f\x8f\xbc\xe2\x80\x8d\xe2\x99\x80\xef\xb8\x8f'
2019-05-07 00:21:35,b'#tbh Sometimes I look at myself &amp; ask when did I become her \xf0\x9f\x91\x86\xf0\x9f\x8f\xbdI REALLY prefer to \xe2\x80\x9csing &amp; sit\xe2\x80\x9d but doggonit \xe2\x80\x9cthe gro\xe2\x80\xa6 https://t.co/sWh01fpwM5'
2019-05-06 23:45:11,b'\xf0\x9f\x91\x85\xf0\x9f\x91\x85\xf0\x9f\x91\x85\xf0\x9f\x91\x85\xf0\x9f\x91\x85\xf0\x9f\x91\x85\xf0\x9f\x91\x85\xf0\x9f\x91\x85\xf0\x9f\x91\x85\xf0\x9f\x91\x85\xf0\x9f\x91\x85\xf0\x9f\x92\xaf\xf0\x9f\x91\x88\n@gidewoninc Where you need To Be On A Monday come Enjoy A New Clean Environment &amp; Great Food\xf0\x9f\x91\x88\xf0\x9f\x91\x81\xf0\x9f\x91\x81 I Kno\xe2\x80\xa6 https://t.co/U0TaYL0LjR'
2019-05-06 23:38:21,b'@gidewoninc Where you need To Be On A Monday come Enjoy A New Clean Environment &amp; Great Food\xf0\x9f\x91\x88\xf0\x9f\x91\x81\xf0\x9f\x91\x81 I Know Where I Will\xe2\x80\xa6 https://t.co/KQZyYlwa7K'
2019-05-06 22:13:40,b'I love strawberries\xf0\x9f\x92\xaf\xf0\x9f\x91\x81\xf0\x9f\x91\x81\xf0\x9f\x91\x82\xf0\x9f\x91\x82\xf0\x9f\x99\x8f\xf0\x9f\x99\x8f\n.\n#iseeyouno\xf0\x9f\x90\x83\xf0\x9f\x92\xa9 #tbh I Will Be Even More Then What God 1st Thought I would be\xf0\x9f\x91\x88\xf0\x9f\x92\xaf\xf0\x9f\x92\xad\xf0\x9f\x91\x82\xf0\x9f\x99\x8f\xf0\x9f\x91\x81\xf0\x9f\x91\x81\xf0\x9f\x91\xbd .\nL\xe2\x80\xa6 https://t.co/ktpJHtDaVY'
2019-05-06 22:01:03,b'@gidewoninc. We Got Nba Playoffs Beautiful Ladies And No Cover Charge come Enjoy The Game in A New Clean Environmen\xe2\x80\xa6 https://t.co/5dr6NocB74'
2019-05-06 21:56:31,b'Sale price up! #vegan #motivationmonday #traveltuesday #wcw #tbt #ootd #tbh #love #instagood #photooftheday\xe2\x80\xa6 https://t.co/IWD24Du2g1'
2019-05-06 21:20:31,b'Beautiful views of Napa! #motivationmonday #traveltuesday #wcw #tbt #ootd #tbh #love #instagood #photooftheday\xe2\x80\xa6 https://t.co/S81kTMOVOy'
2019-05-06 21:16:05,b'@sexybeatriz The mist Beautiful creation on Earth Love You Baby Girl\xf0\x9f\x92\x8b\xf0\x9f\x92\x8b\xf0\x9f\x92\x8b\xf0\x9f\x92\x9c\xf0\x9f\x92\x9c\xf0\x9f\x92\x9c\xf0\x9f\x99\x8f\xf0\x9f\x99\x8f\n.\n#iseeyouno\xf0\x9f\x90\x83\xf0\x9f\x92\xa9 #tbh I Will Be Even Mor\xe2\x80\xa6 https://t.co/16Y7AhW2zW'
2019-05-06 21:06:33,"b'Super stacked OG account dm me offers to rare account, All renegade raider accounts for sale I DONT GO FIRST SO DON\xe2\x80\xa6 https://t.co/HdAsEM5JBB'"
2019-05-06 20:19:34,"b'I know going university is a big deal but if I could tell myself not to go I wouldn\xe2\x80\x99t, other paths to success #tbh'"
2019-05-06 20:18:58,b'RT @NeemaUzuri: Did you look in the mirror and see beautiful today??? I did!!!! #MondayMotivation #mood #positiveenergy #selflove #loveyour\xe2\x80\xa6'
2019-05-06 19:55:11,b'Did you look in the mirror and see beautiful today??? I did!!!! #MondayMotivation #mood #positiveenergy #selflove\xe2\x80\xa6 https://t.co/U8KUoHH6yU'
2019-05-06 19:21:17,"b'RT @sketchgooroo: I only create, I love creating, I\xe2\x80\x99m very creative, creativity is who I am.\n-\n#creative #design #drawing #sketch #art #dra\xe2\x80\xa6'"
2019-05-06 18:58:58,b'@skygoddess330 @GillianLowes @GraceMurphy2 @MrsWobbitt @14RRMS @ErnNutt @minijew @662Maz @JustMeBeingMe4 @ahddrv\xe2\x80\xa6 https://t.co/rH2Y165JnU'
2019-05-06 18:03:17,"b""RT @CyrusToulabi: #TBH: This is one of the repeated false claims that Trump makes, that's actually hard to tell whether...\n\n1) It's intenti\xe2\x80\xa6"""
2019-05-06 17:32:16,"b""JIVAN ORGANIZATION CONDUCTED IT'S FIRST EVENT IN SERIES OF EVENTS IN VILLAGE NAWAGAON, THIS POST IS THE TIMINLINE O\xe2\x80\xa6 https://t.co/MMt6SvVBwT"""
2019-05-06 17:18:00,"b'RT @DatingMyTv: #tbh this song is always stuck in our heads. \xf0\x9f\x92\x81\xf0\x9f\x8f\xbb\xe2\x80\x8d\xe2\x99\x80\xef\xb8\x8f\xf0\x9f\x92\x81\xf0\x9f\x8f\xbc\xe2\x80\x8d\xe2\x99\x80\xef\xb8\x8f #twogirlsinthecity #amazonprime #primevideo #datingmytv @ New York,\xe2\x80\xa6'"
2019-05-06 16:44:53,b'#tbh this song is always stuck in our heads. \xf0\x9f\x92\x81\xf0\x9f\x8f\xbb\xe2\x80\x8d\xe2\x99\x80\xef\xb8\x8f\xf0\x9f\x92\x81\xf0\x9f\x8f\xbc\xe2\x80\x8d\xe2\x99\x80\xef\xb8\x8f #twogirlsinthecity #amazonprime #primevideo #datingmytv @ N\xe2\x80\xa6 https://t.co/dmVM5vNcp3'
2019-05-06 16:43:28,b'Check out @fullyformedshow!\n\n#tbh #crowdfunding #pets #youtube #funny #tbt #motivationmonday #traveltuesday #wcw\xe2\x80\xa6 https://t.co/7Rr6IcGrjk'
2019-05-06 16:34:14,"b""YOU'RE ONLY A CLICK AWAY FROM A $10K INCOME\n  \xf0\x9f\x91\x89\xf0\x9f\x91\x89https://t.co/eZRa7XNzKS   \n #workfromanywhere #listbuilding #tbh https://t.co/z7mu7TVijw"""
2019-05-06 16:18:13,b'is it ever night time for you wooz \xf0\x9f\xa4\x94 #tbh'
2019-05-06 14:48:45,"b'@BestCryptoKing @MCMComicCon #tbh there isnt much to take photos of at the square, just some tents, and flags and p\xe2\x80\xa6 https://t.co/NE1fIVYcxo'"
2019-05-06 14:44:21,b'NO SELLING! Hand it out for FREE!\n\xf0\x9f\x91\x89\xf0\x9f\x91\x89 Check for Yourself Free Presentation\n  \xf0\x9f\x91\x89\xf0\x9f\x91\x89\xf0\x9f\x91\x89\xf0\x9f\x91\x89https://t.co/0ooZORRxn9   \n #businessopportunity #sales #tbh'
2019-05-06 14:01:34,"b""RT @CyrusToulabi: #TBH: This is one of the repeated false claims that Trump makes, that's actually hard to tell whether...\n\n1) It's intenti\xe2\x80\xa6"""
2019-05-06 13:26:14,b'#tbh - i really could give the tiniest shit about the royal family.'
2019-05-06 11:32:45,"b'When I was a teen, I didn\xe2\x80\x99t need a Z drug to sleeptalk, sleepwalk or sleepdust. Yes, I used to dust in my sleep- a\xe2\x80\xa6 https://t.co/AORBATxkuD'"
2019-05-06 11:20:31,"b""I'm legit just going to stream and make videos and not really take much notice of the views and viewers. ill have g\xe2\x80\xa6 https://t.co/XNH4ZQqLXl"""
2019-05-06 11:19:34,"b""RT @divadollzandco: Tried out this new jawn yesterday... \n2Be Honest\nQ'DEE, B.Airi, &amp; L'Samone\n\n#DIVADOLLZANDCO\n#QDEE #BAIRIENTERTAINMENT\xe2\x80\xa6"""
2019-05-06 11:05:18,"b""Tried out this new jawn yesterday... \n2Be Honest\nQ'DEE, B.Airi, &amp; L'Samone\n\n#DIVADOLLZANDCO\n#QDEE\xe2\x80\xa6 https://t.co/luiBWO4edH"""
2019-05-06 09:14:40,"b'RT @Mt_Stocks88: #TBH, Investing in #Equity #mutualfunds is useless .Just go the through the top 10 holdings disclosed by the fund and make\xe2\x80\xa6'"
2019-05-06 08:21:41,"b'#TBH, Investing in #Equity #mutualfunds is useless .Just go the through the top 10 holdings disclosed by the fund a\xe2\x80\xa6 https://t.co/fBSGG6ea3z'"
2019-05-06 07:32:27,b'Eh idk could surprise us... I\xe2\x80\x99m just glad we didn\xe2\x80\x99t get her into bed to kill her then kill Sansa #tbh https://t.co/1EX8YOmoiZ'
2019-05-06 06:36:58,b'how could you not look forward to your future when you have someone like @DustinJOlivier #tbh'
2019-05-06 06:35:51,b'@GRRMspeaking #tbh Joanna Mormont being killed must be #grrm recommendation'
2019-05-06 05:58:51,b'Leaders are Readers! #vegan #motivationmonday #traveltuesday #wcw #tbt #ootd #tbh #love #instagood #photooftheday\xe2\x80\xa6 https://t.co/AvvzLgJeia'
2019-05-06 03:27:18,"b'Me, after every episode of @GameOfThrones #tbh #ouchtho https://t.co/ZgyTE0Ok4I'"
2019-05-06 03:11:51,b'I don\xe2\x80\x99t know what I am doing with my life and truly I\xe2\x80\x99m scared as shit right now. #tbh #lifecrisis #Freakout #HELPME'
2019-05-06 02:56:14,"b""RT @CyrusToulabi: #TBH: This is one of the repeated false claims that Trump makes, that's actually hard to tell whether...\n\n1) It's intenti\xe2\x80\xa6"""
2019-05-06 02:43:48,b'me n @ericslake undefeated #Tbh'
2019-05-06 02:39:09,b'@PBBabscbn Soichi may deserve to stay but Jem deserved it more #TBH'
2019-05-06 02:36:54,b'#tbh after 3 kids Cersi would be showing a lot more at this point. Jamie\xe2\x80\x99s been gone for a while'
2019-05-06 02:15:19,"b""RT @CyrusToulabi: #TBH: This is one of the repeated false claims that Trump makes, that's actually hard to tell whether...\n\n1) It's intenti\xe2\x80\xa6"""
2019-05-06 02:09:02,b'@gidewoninc We Stand Over All Compounds Created By Man To Try And Cage us In\xf0\x9f\x91\x88\xf0\x9f\x91\x81\xf0\x9f\x91\x81\xf0\x9f\x91\x82\xf0\x9f\x91\x82\xf0\x9f\x91\x82\xf0\x9f\x91\x82\xf0\x9f\x92\xaf\xf0\x9f\x99\x8f\n .\n#iseeyouno\xf0\x9f\x90\x83\xf0\x9f\x92\xa9 #tbh I Will B\xe2\x80\xa6 https://t.co/BZr9WSFcVn'
2019-05-06 01:48:39,b'you know it\xe2\x80\x99s bad when the first thing people ask you about living in florida is how you\xe2\x80\x99re going to survive without tims \xf0\x9f\x99\x88 #tbh #idontknow'
2019-05-06 01:46:19,"b""RT @CyrusToulabi: #TBH: This is one of the repeated false claims that Trump makes, that's actually hard to tell whether...\n\n1) It's intenti\xe2\x80\xa6"""
2019-05-06 01:22:53,"b'RT @ajabel3: I just had to wish everyone a happy cinco de Mayo. \xf0\x9f\x8e\x89\n\n#Tbh: photo cred to my daughter Meg, not on Twitter) https://t.co/GnGBqK\xe2\x80\xa6'"
2019-05-06 01:18:34,"b""RT @CyrusToulabi: #TBH: This is one of the repeated false claims that Trump makes, that's actually hard to tell whether...\n\n1) It's intenti\xe2\x80\xa6"""
2019-05-06 00:32:23,b'RT @TTMAIS_: #tbh \xe2\x9c\xa8 loading next Monday .... \n\n#S\xc3\xb6z #YavDer \n#TolgaSar\xc4\xb1ta\xc5\x9f #DenizBaysal https://t.co/FEqA6bPXyb'
2019-05-06 00:26:30,b'@gidewoninc. Surrounded by my opiumatl &amp; alibiatl. Family Good Times \xf0\x9f\x91\x88\xf0\x9f\x92\xaf\xf0\x9f\x91\x81\xf0\x9f\x91\x81\xf0\x9f\x91\x81\xf0\x9f\x99\x8c\xf0\x9f\x91\x82\xf0\x9f\x91\x82\xf0\x9f\x99\x8f\n.\n#iseeyouno\xf0\x9f\x90\x83\xf0\x9f\x92\xa9 #tbh I Will Be Even M\xe2\x80\xa6 https://t.co/hIpPVZJlS8'
2019-05-05 23:59:53,b'Air pirates gotta be fancy &lt;3\n**Knights of Eden coming this summer**\n\n#Pirates #steampunk #art #watercolor\xe2\x80\xa6 https://t.co/GqQkpnRsz4'
2019-05-05 23:54:39,b'@gidewoninc Leader of The New Republic Will be Me\xf0\x9f\x91\x88\xf0\x9f\x92\xaf\xf0\x9f\x91\x81\xf0\x9f\x91\x81\xf0\x9f\x91\x82\xf0\x9f\x91\x82\xf0\x9f\x91\x82\xf0\x9f\x99\x8f\n.\n#iseeyouno\xf0\x9f\x90\x83\xf0\x9f\x92\xa9 #tbh I Will Be Even More Then What God 1st\xe2\x80\xa6 https://t.co/oFt7QRizT1'
2019-05-05 23:51:20,"b""RT @CyrusToulabi: #TBH: This is one of the repeated false claims that Trump makes, that's actually hard to tell whether...\n\n1) It's intenti\xe2\x80\xa6"""
2019-05-05 23:07:37,"b'Your touch,.... your kiss,....your love puts my soul to calmness in the midst of my daily troubles. I miss you so d\xe2\x80\xa6 https://t.co/Svpa4iyROA'"
2019-05-05 23:07:14,"b'RT @RoseyDavis1: #TBH : Repost from @RoseyDavis1 \xe2\x80\x9c3 Pts Game\xe2\x80\x9d @kyrieirving , @kevinlove , LeBron James @kingjames (mrs_savannahrj ) #TAGS :\xe2\x80\xa6'"
2019-05-05 23:04:13,"b'I just had to wish everyone a happy cinco de Mayo. \xf0\x9f\x8e\x89\n\n#Tbh: photo cred to my daughter Meg, not on Twitter) https://t.co/GnGBqKB90N'"
2019-05-05 22:28:18,"b""RT @CyrusToulabi: #TBH: This is one of the repeated false claims that Trump makes, that's actually hard to tell whether...\n\n1) It's intenti\xe2\x80\xa6"""
2019-05-05 22:20:34,"b""RT @CyrusToulabi: #TBH: This is one of the repeated false claims that Trump makes, that's actually hard to tell whether...\n\n1) It's intenti\xe2\x80\xa6"""
2019-05-05 22:16:51,"b""RT @CyrusToulabi: #TBH: This is one of the repeated false claims that Trump makes, that's actually hard to tell whether...\n\n1) It's intenti\xe2\x80\xa6"""
2019-05-05 20:19:23,b'RT @TTMAIS_: #tbh \xe2\x9c\xa8 loading next Monday .... \n\n#S\xc3\xb6z #YavDer \n#TolgaSar\xc4\xb1ta\xc5\x9f #DenizBaysal https://t.co/FEqA6bPXyb'
2019-05-05 19:54:55,"b""RT @CyrusToulabi: #TBH: This is one of the repeated false claims that Trump makes, that's actually hard to tell whether...\n\n1) It's intenti\xe2\x80\xa6"""
2019-05-05 19:45:15,"b""RT @CyrusToulabi: #TBH: This is one of the repeated false claims that Trump makes, that's actually hard to tell whether...\n\n1) It's intenti\xe2\x80\xa6"""
2019-05-05 19:42:52,"b""RT @CyrusToulabi: #TBH: This is one of the repeated false claims that Trump makes, that's actually hard to tell whether...\n\n1) It's intenti\xe2\x80\xa6"""
2019-05-05 19:39:15,"b""RT @CyrusToulabi: #TBH: This is one of the repeated false claims that Trump makes, that's actually hard to tell whether...\n\n1) It's intenti\xe2\x80\xa6"""
2019-05-05 18:18:11,"b""RT @CyrusToulabi: #TBH: This is one of the repeated false claims that Trump makes, that's actually hard to tell whether...\n\n1) It's intenti\xe2\x80\xa6"""
2019-05-05 18:13:50,b'I Swear If I Cant Get No p*$$y Tonight Its Just Not Meant To Be \xf0\x9f\x91\x88\xf0\x9f\x98\x82\xf0\x9f\x98\x82\xf0\x9f\x92\xaf\xf0\x9f\x91\x82\xf0\x9f\x91\x82\xf0\x9f\x99\x8f\xf0\x9f\x99\x8f\n.\n#iseeyouno\xf0\x9f\x90\x83\xf0\x9f\x92\xa9 #tbh I Will Be Even More Th\xe2\x80\xa6 https://t.co/B3KkxDKENv'
2019-05-05 18:12:17,"b""RT @CyrusToulabi: #TBH: This is one of the repeated false claims that Trump makes, that's actually hard to tell whether...\n\n1) It's intenti\xe2\x80\xa6"""
2019-05-05 18:11:37,"b""RT @CyrusToulabi: #TBH: This is one of the repeated false claims that Trump makes, that's actually hard to tell whether...\n\n1) It's intenti\xe2\x80\xa6"""
2019-05-05 18:09:47,"b""RT @CyrusToulabi: #TBH: This is one of the repeated false claims that Trump makes, that's actually hard to tell whether...\n\n1) It's intenti\xe2\x80\xa6"""
2019-05-05 18:08:53,"b""RT @CyrusToulabi: #TBH: This is one of the repeated false claims that Trump makes, that's actually hard to tell whether...\n\n1) It's intenti\xe2\x80\xa6"""
2019-05-05 18:03:49,"b""RT @CyrusToulabi: #TBH: This is one of the repeated false claims that Trump makes, that's actually hard to tell whether...\n\n1) It's intenti\xe2\x80\xa6"""
2019-05-05 18:03:19,"b""RT @CyrusToulabi: #TBH: This is one of the repeated false claims that Trump makes, that's actually hard to tell whether...\n\n1) It's intenti\xe2\x80\xa6"""
2019-05-05 18:00:48,"b""RT @CyrusToulabi: #TBH: This is one of the repeated false claims that Trump makes, that's actually hard to tell whether...\n\n1) It's intenti\xe2\x80\xa6"""
2019-05-05 17:58:29,"b'@justsomegirl81 @littlecaesars My kind of girl, they have some of the best pies #tbh'"
2019-05-05 17:58:16,"b""#TBH: This is one of the repeated false claims that Trump makes, that's actually hard to tell whether...\n\n1) It's i\xe2\x80\xa6 https://t.co/6guk81vFC7"""
2019-05-05 17:25:56,"b""I just want to feel that I'm important to someone.\n\n#TBH"""
2019-05-05 17:19:51,b'@LewisToby @DoYouHaveAbs Thank you Ed you lovely human #TBH #westham'
2019-05-05 17:01:23,b'Look At My Drip My Drip \xf0\x9f\x91\x88\xf0\x9f\x92\xaf\xf0\x9f\x91\x81\xf0\x9f\x91\x81\xf0\x9f\x91\x82\xf0\x9f\x91\x82\xf0\x9f\x91\x82\xf0\x9f\x99\x8f\xf0\x9f\x91\x85\n .\n#iseeyouno\xf0\x9f\x90\x83\xf0\x9f\x92\xa9 #tbh I Will Be Even More Then What God 1st Thought I would be\xf0\x9f\x91\x88\xf0\x9f\x92\xaf\xf0\x9f\x92\xad\xf0\x9f\x91\x82\xe2\x80\xa6 https://t.co/YpkRI9mdJC'
2019-05-05 16:55:55,"b'RT @sketchgooroo: I only create, I love creating, I\xe2\x80\x99m very creative, creativity is who I am.\n-\n#creative #design #drawing #sketch #art #dra\xe2\x80\xa6'"
2019-05-05 16:15:44,b'RT @JesseEv40569654: Amen \xe2\x9d\xa4\xef\xb8\x8f\xf0\x9f\x97\xa3\xf0\x9f\x99\x8f\xf0\x9f\x98\x87\xf0\x9f\x92\xaf#God #JesusChrist #Jesus #Honest #Truth #JesusSaves #JesusSaves #I #Facts #Fact #True #RealTalk #Real #Tbh\xe2\x80\xa6'
2019-05-05 16:15:22,b'Amen \xe2\x9d\xa4\xef\xb8\x8f\xf0\x9f\x97\xa3\xf0\x9f\x99\x8f\xf0\x9f\x98\x87\xf0\x9f\x92\xaf#God #JesusChrist #Jesus #Honest #Truth #JesusSaves #JesusSaves #I #Facts #Fact #True #RealTalk #Real\xe2\x80\xa6 https://t.co/nqZV4FymdC'
2019-05-05 15:49:39,b'Here at the Celtic fest at Rotary park in Bernalillo New Mexico. If you happen to be in town please stop by and che\xe2\x80\xa6 https://t.co/TVRVeVyynB'
2019-05-05 15:47:04,"b""YOU'RE ONLY A CLICK AWAY FROM A $10K LIFE\n  \xf0\x9f\x91\x89\xf0\x9f\x91\x89https://t.co/0ooZORRxn9   \n #emailmarketing #boss #tbh"""
2019-05-05 15:04:39,b'@ManUtd Better ena had jump yesterday! #tbh\xf0\x9f\x98\x85\xf0\x9f\xa4\xac'
2019-05-05 13:34:39,"b'WELL, #TBH ... forget all this policy sh*t, right now, all we need is a Democrat nominee who\xe2\x80\x99ll beat trump... perio\xe2\x80\xa6 https://t.co/Xjs54Qy9yE'"
2019-05-05 12:44:14,b'\xe2\x80\x9cMany have been chosen BUT only a FEW are CALLED!\xe2\x80\x9d\n\nI\xe2\x80\x99ve been CALLED to educate the minds of our future!\xe2\x80\xa6 https://t.co/S8lRnV6So2'
2019-05-05 11:37:39,b'@EPLFeed @ManUtdFeeds Ole asming 4 of #mufc players to stay should be a massive shock to @manutd supporters ....\n\nN\xe2\x80\xa6 https://t.co/3Fp5U3FmjF'
2019-05-05 11:35:47,b'RT @TTMAIS_: #tbh \xe2\x9c\xa8 loading next Monday .... \n\n#S\xc3\xb6z #YavDer \n#TolgaSar\xc4\xb1ta\xc5\x9f #DenizBaysal https://t.co/FEqA6bPXyb'
2019-05-05 10:58:46,b'Not sure what to tweet about Israel and self defence farce #tbh #bds #palestinelives'
2019-05-05 08:34:51,b'Yeah I SAID.( INVASION)opiumatl. I Am Blessed With Every Step I Take Come See For Yourself\xf0\x9f\x91\x88\xf0\x9f\x92\xaf\xf0\x9f\x91\x81\xf0\x9f\x91\x81\xf0\x9f\x91\x82\xf0\x9f\x91\x82\xf0\x9f\x91\x82\xf0\x9f\x99\x8f\xf0\x9f\x99\x8f\n.\n#iseeyouno\xf0\x9f\x90\x83\xf0\x9f\x92\xa9\xe2\x80\xa6 https://t.co/e0pM5ikFRV'
2019-05-05 08:32:34,b'opiumatl. I Am Blessed With Every Step I Take Come See For Yourself\xf0\x9f\x91\x88\xf0\x9f\x92\xaf\xf0\x9f\x91\x81\xf0\x9f\x91\x81\xf0\x9f\x91\x82\xf0\x9f\x91\x82\xf0\x9f\x91\x82\xf0\x9f\x99\x8f\xf0\x9f\x99\x8f\n.\n#iseeyouno\xf0\x9f\x90\x83\xf0\x9f\x92\xa9 #tbh I Will Be Even Mor\xe2\x80\xa6 https://t.co/Kzc3vDMZfA'
2019-05-05 07:17:46,b'RT @RahulDevRising: Down memory lane with dear friend JJValaya .. #tbh #men #fashion #photooftheday #photographer #designer #jjvalaya https\xe2\x80\xa6'
2019-05-05 07:15:51,b'RT @shaheenmehtar: Brilliant stuff. well done All! #TBH had theirs on the 3rd May! https://t.co/rZJBOl64kV'
2019-05-05 06:31:17,b'When You Always Put Lil cuzo Up Top opiumatl _25scoot. \xf0\x9f\x91\x88\xf0\x9f\x92\xaf\xf0\x9f\x91\x81\xf0\x9f\x91\x81\xf0\x9f\x91\x82\xf0\x9f\x91\x82\xf0\x9f\x8e\xb6\xf0\x9f\x8e\xb6\n.\n#iseeyouno\xf0\x9f\x90\x83\xf0\x9f\x92\xa9 #tbh I Will Be Even More Then What G\xe2\x80\xa6 https://t.co/D5N3qxjczp'
2019-05-05 06:10:08,b'CLICK HERE FOR FREE #LEADS!!\n  \xf0\x9f\x91\x89\xf0\x9f\x91\x89https://t.co/0ooZORRxn9   \n #quote #directsales #tbh https://t.co/bsAFCmaWNz'
2019-05-05 04:45:04,b'I bored....all friends are asleep so I posting I guess.... #bored #tired #tbh'
2019-05-05 04:13:12,b'Long drives to anywhere while listening to chill vibey R&amp;B songs are the best #tbh'
2019-05-05 03:57:11,b'RT @Harpo_Ragnarok: I think you need to hear this. #motivation #MOTIVATIONMONDAY  #tbh #mondaymotivation #youmatter #everyonematters #angry\xe2\x80\xa6'
2019-05-05 03:35:55,b'I love the idea of blocking my account whenever I feel welcomed to. \n#tbh #TwitterLove \xe2\x99\xa1 #personalityaccounts https://t.co/xQrWZnddZb'
2019-05-05 03:17:55,"b'#TBH : Repost from @RoseyDavis1 \xe2\x80\x9c3 Pts Game\xe2\x80\x9d @kyrieirving , @kevinlove , LeBron James @kingjames (mrs_savannahrj )\xe2\x80\xa6 https://t.co/osXyJQ6FeB'"
2019-05-05 02:56:33,"b'\xf0\x9f\x97\xa1Stay Sharp!\xf0\x9f\x94\xa5\xf0\x9f\x91\x89Knives for sale at https://t.co/bKNRkJKwa9, Instagram Bio Quick Link AND Facebook Shop Now\xf0\x9f\x91\x88\n\n\xf0\x9f\xa4\x9c#Repost\xe2\x80\xa6 https://t.co/sMfBGWB3ui'"
2019-05-05 02:53:57,b'Repost from @giesxnger  #TBH Kyrie @kyrieirving  KLove @kevinlove LeBron James @kingjames (mrs_savannahrj ) And CAV\xe2\x80\xa6 https://t.co/vQptBVO7Lx'
2019-05-05 02:14:16,b'RT @FullyFormedShow: Check out @fullyformedshow!\n\n#tbh #crowdfunding #pets #youtube #funny #tbt #motivationmonday #traveltuesday #wcw #crow\xe2\x80\xa6'
2019-05-05 02:06:17,b'Check out @fullyformedshow!\n\n#tbh #crowdfunding #pets #youtube #funny #tbt #motivationmonday #traveltuesday #wcw\xe2\x80\xa6 https://t.co/E0wnrOZmWF'
2019-05-05 01:20:34,b'10K A MONTH! DID THAT GET YOUR ATTENTION?\n  \xf0\x9f\x91\x89\xf0\x9f\x91\x89\xf0\x9f\x91\x89\xf0\x9f\x91\x89https://t.co/UrcnR5H9MZ   \n #marketing101 #internetmarketing #tbh https://t.co/ppcOtUz4XO'
2019-05-05 00:58:12,b'Be Down Always.\n\n\xf0\x9f\x8e\x84 \xf0\x9f\x98\x88\xf0\x9f\x98\x88 \xf0\x9f\x98\x88 DEATH BEFORE DISHONOR. \xf0\x9f\x91\x81 \xf0\x9f\x8e\xb4\xf0\x9f\x98\x88\xf0\x9f\x92\xb0\xf0\x9f\x98\x8c\xf0\x9f\x98\x8d\xf0\x9f\x8c\x87 \xf0\x9f\x8e\xa7 \xf0\x9f\x91\xbd \xf0\x9f\x97\xbb\xf0\x9f\x94\xb4\xf0\x9f\x97\xbb\xf0\x9f\x94\xb4\xf0\x9f\x97\xbb\xf0\x9f\x94\xb4\xf0\x9f\x97\xbb\xf0\x9f\x94\xb4\xf0\x9f\x97\xbb \xf0\x9f\x98\x88\xf0\x9f\x91\xbd\xf0\x9f\x94\xa5\xf0\x9f\x94\xae\xf0\x9f\x98\x8a #2019 #Lit #TBH #cleveland #CavsNation\xe2\x80\xa6 https://t.co/2an8RoYSRi'
2019-05-05 00:50:41,b'\xf0\x9f\x94\xa5\xf0\x9f\x98\x8b\xf0\x9f\x94\xa5Birthday almost here.\xf0\x9f\x94\xa5\xf0\x9f\x98\x8b\xf0\x9f\x94\xa5\n\n\xf0\x9f\x8e\x84 \xf0\x9f\x98\x88\xf0\x9f\x98\x88 \xf0\x9f\x98\x88 DEATH BEFORE DISHONOR. \xf0\x9f\x91\x81 \xf0\x9f\x8e\xb4\xf0\x9f\x98\x88\xf0\x9f\x92\xb0\xf0\x9f\x98\x8c\xf0\x9f\x98\x8d\xf0\x9f\x8c\x87 \xf0\x9f\x8e\xa7 \xf0\x9f\x91\xbd \xf0\x9f\x97\xbb\xf0\x9f\x94\xb4\xf0\x9f\x97\xbb\xf0\x9f\x94\xb4\xf0\x9f\x97\xbb\xf0\x9f\x94\xb4\xf0\x9f\x97\xbb\xf0\x9f\x94\xb4\xf0\x9f\x97\xbb \xf0\x9f\x98\x88\xf0\x9f\x91\xbd\xf0\x9f\x94\xa5\xf0\x9f\x94\xae\xf0\x9f\x98\x8a #2019 #Lit #TBH #cleveland\xe2\x80\xa6 https://t.co/sXspPU57VA'
2019-05-05 00:30:23,b'You Involved In A Work From Home #Business and Struggling For Traffic ?\n\xf0\x9f\x91\x89\xf0\x9f\x91\x89 Want Proof? Full Details Here \n \xf0\x9f\x91\x89\xe2\x80\xa6 https://t.co/OP59Tun4Th'
2019-05-05 00:18:50,b'When everyone else want you EXCEPT the person you WANT \xf0\x9f\x98\xa9\xf0\x9f\x99\x84\xf0\x9f\x99\x84\xf0\x9f\xa4\xa6\xf0\x9f\x8f\xbb\xe2\x80\x8d\xe2\x99\x80\xef\xb8\x8f\xf0\x9f\xa4\xa6\xf0\x9f\x8f\xbb\xe2\x80\x8d\xe2\x99\x80\xef\xb8\x8f #wtf #tbh #Houston'
2019-05-05 00:04:32,b'#tbh @netflix BEEN #Clutch \xe2\x9c\x8a\xf0\x9f\x8f\xbf -CC \xf0\x9f\x91\x91\xf0\x9f\x94\xae https://t.co/P1vfOCffXe https://t.co/6iJdIfFaoG'
2019-05-04 23:08:07,b'alibiatl. Rooftop Day party\xe2\x9c\x94 opiumatl. This Saturday We LIT LIT Dm For Section Info \xf0\x9f\x91\x88 Come Turn Up With All The Bal\xe2\x80\xa6 https://t.co/AFnodMyNdX'
2019-05-04 22:31:19,b'#tbh I do not think a moment in any musical can beat the amazingness that is a @RnH_Org Overture especially with th\xe2\x80\xa6 https://t.co/jpLwlPvyHu'
2019-05-04 21:25:23,"b'#tbh, I\xe2\x80\x99m just going to cry this entire doc. #KnockDownTheHouse'"
2019-05-04 21:21:12,b'I\xe2\x80\x99m so exhausted and sore idk how I\xe2\x80\x99m going to get through this shift much less another show tonight. #tbh'
2019-05-04 21:17:38,b'They Followed Me I Followed Back \xf0\x9f\x97\xa3\xe2\x9d\xa4\xef\xb8\x8f\xf0\x9f\x98\x87\xf0\x9f\x92\xaf #KingdomMuzic #Facts #Fact #I #Honest #RealTalk #Real #Truth #True #Tbh\xe2\x80\xa6 https://t.co/uYYwpbU6pD'
2019-05-04 20:48:11,b'Y\xe2\x80\x99all like the song? \xe2\x95\xb0(*\xc2\xb4\xef\xb8\xb6`*)\xe2\x95\xaf\xe2\x99\xa1 \xe3\x82\x8f. \n.\n.\n.\n.\n.\n.\n.\n.\n#FortniteWorldCup #Fortniteclan #FortniteEvent\xe2\x80\xa6 https://t.co/x4E42grzza'
2019-05-04 19:59:38,b'Experiencing serious call issues with @VodafoneIN Totally Worst networks and services #TBH #worstvodafone #bigmistake'
2019-05-04 19:47:40,"b""RT @ill_nojie: #PissOfAdvice\n\nLadies always dress well or better still always dress to impress your man.\nIt's easier for him to tell you th\xe2\x80\xa6"""
2019-05-04 19:41:55,b'I think my Lil Princess Baby daughters are more Gangsta than ur Lil Baby Daddy #tbh \xf0\x9f\x98\x89\xf0\x9f\xa4\x98\xf0\x9f\x8f\xbd\xf0\x9f\x91\x91\xf0\x9f\x92\x85\xf0\x9f\x8f\xbc\xf0\x9f\x98\x98\xf0\x9f\x92\x95 I love u so much my Li\xe2\x80\xa6 https://t.co/gxRKKy8Gyn'
2019-05-04 19:39:56,b'RT @TTMAIS_: #tbh \xe2\x9c\xa8 loading next Monday .... \n\n#S\xc3\xb6z #YavDer \n#TolgaSar\xc4\xb1ta\xc5\x9f #DenizBaysal https://t.co/FEqA6bPXyb'
2019-05-04 19:20:41,b'Becoming Popular on Social Media was Never a Motivating  Factor to Me.. #tbh'
2019-05-04 19:10:03,"b""I'm more of a Princess I have a headache can I tie u up and lick ur tattoos kinda guy than a honey not now I have a\xe2\x80\xa6 https://t.co/qprsi4NUza"""
2019-05-04 19:08:05,"b""#Tbh I hate going out when my phone isn't fully charged"""
2019-05-04 19:02:49,b'RT @TTMAIS_: #tbh \xe2\x9c\xa8 loading next Monday .... \n\n#S\xc3\xb6z #YavDer \n#TolgaSar\xc4\xb1ta\xc5\x9f #DenizBaysal https://t.co/FEqA6bPXyb'
2019-05-04 18:53:20,b'RT @TTMAIS_: #tbh \xe2\x9c\xa8 loading next Monday .... \n\n#S\xc3\xb6z #YavDer \n#TolgaSar\xc4\xb1ta\xc5\x9f #DenizBaysal https://t.co/FEqA6bPXyb'
2019-05-04 18:44:37,b'See We Are All Energy And I Use My Energy To Create More Energy Around me From Otbers\xf0\x9f\x91\x88\xe2\x9c\x94\xf0\x9f\x92\xaf\xf0\x9f\x91\x81\xf0\x9f\x91\x81\xf0\x9f\x92\xa8\xf0\x9f\x91\x82\xf0\x9f\x91\x82\xf0\x9f\x91\x82\xf0\x9f\x99\x8f\xf0\x9f\x99\x8f\n.\nopiumatl. This S\xe2\x80\xa6 https://t.co/MF0rqygiSS'
2019-05-04 18:33:07,b'#tbh \xe2\x9c\xa8 loading next Monday .... \n\n#S\xc3\xb6z #YavDer \n#TolgaSar\xc4\xb1ta\xc5\x9f #DenizBaysal https://t.co/FEqA6bPXyb'
2019-05-04 18:06:28,b'#TBH I\xe2\x80\x99m Low key addicted to that think ya do\n#Love'
2019-05-04 17:17:02,"b'Not feeling it with Panik at the leadoff spot, he should bat 8th #TBH.'"
2019-05-04 16:50:12,b'RT @shaheenmehtar: Brilliant stuff. well done All! #TBH had theirs on the 3rd May! https://t.co/rZJBOl64kV'
2019-05-04 16:44:21,"b'""Head was trash and the sex was like stuffing a Turkey."" \xf0\x9f\x98\x82#tbh'"
2019-05-04 16:05:52,"b""When BLESSED TALKS TO KING it Always Makes Sense Even If It Doesn't to Anyone ELSE\xf0\x9f\x91\x88\xf0\x9f\x92\xaf\xf0\x9f\x91\x81\xf0\x9f\x91\x81\xf0\x9f\x91\x82\xf0\x9f\x91\x82\xf0\x9f\x91\x82\xf0\x9f\x91\x82\xf0\x9f\x99\x8f\xf0\x9f\x99\x8f\xf0\x9f\x92\xad\n.\n#iseeyouno\xf0\x9f\x90\x83\xf0\x9f\x92\xa9 #tbh I\xe2\x80\xa6 https://t.co/71DvN1HJZx"""
2019-05-04 15:40:34,b'Therefore i So The Seed Inside Of Me My Growth Will Turn The \xf0\x9f\x8c\x8e Into My FAMILY TREE\xf0\x9f\x91\x88\xf0\x9f\x92\xaf\xf0\x9f\x91\x81\xf0\x9f\x91\x81\xf0\x9f\x91\x82\xf0\x9f\x91\x82\xf0\x9f\x91\x82\xf0\x9f\x91\x82\xf0\x9f\x99\x8f\xf0\x9f\x99\x8f\n.\n#iseeyouno\xf0\x9f\x90\x83\xf0\x9f\x92\xa9 #tbh I\xe2\x80\xa6 https://t.co/VFoGsgzZlQ'
2019-05-04 15:34:27,b'Next Post I Will Pick Up Where I Left Off \xf0\x9f\x91\x88\xe2\x9c\x94\xf0\x9f\x92\xaf\xf0\x9f\x91\x81\xf0\x9f\x91\x81\xf0\x9f\x91\x82\xf0\x9f\x91\x82\xf0\x9f\x91\x82\xf0\x9f\x91\x82\xf0\x9f\x99\x8f\xf0\x9f\x99\x8f\n.\n#iseeyouno\xf0\x9f\x90\x83\xf0\x9f\x92\xa9 #tbh I Will Be Even More Then What God 1st Tho\xe2\x80\xa6 https://t.co/lvmFCM24dJ'
2019-05-04 14:41:28,b'Doing #tbh guys let me know if you want one'
2019-05-04 14:35:06,b'Brilliant stuff. well done All! #TBH had theirs on the 3rd May! https://t.co/rZJBOl64kV'
2019-05-04 14:28:30,"b""#tbh I don't really know you but we should hangout some time"""
2019-05-04 14:08:25,b'I cross faded and didnt black out for once \xf0\x9f\x92\x81\xe2\x80\x8d\xe2\x99\x80\xef\xb8\x8f\xf0\x9f\x92\x81\xe2\x80\x8d\xe2\x99\x80\xef\xb8\x8f\n#crossfade #tbh #nightout'
2019-05-04 12:17:25,b'Every Night This Statement Becomes More &amp; More True for me\xf0\x9f\x91\x88\xf0\x9f\x98\x82\xf0\x9f\x98\x82\xf0\x9f\x98\x82\xf0\x9f\x98\x82\xf0\x9f\x92\xaf\xf0\x9f\x91\x82\xf0\x9f\x91\x82\xf0\x9f\x99\x8f\n.\nopiumatl. This Saturday We LIT LIT Dm For Sec\xe2\x80\xa6 https://t.co/nllT4o3nri'
2019-05-04 12:11:42,b'Truth EVERYDAY I Out Do Myself From Yesterday So That The OLD ME can Never CATCH up\xf0\x9f\x91\x8c\xf0\x9f\x91\x88\xf0\x9f\x91\x81\xf0\x9f\x91\x81\xf0\x9f\x91\x82\xf0\x9f\x91\x82\xf0\x9f\x91\x82\xf0\x9f\x92\xaf\xf0\x9f\x99\x8f\n.\nopiumatl. This Satur\xe2\x80\xa6 https://t.co/DCzfjvNqAP'
2019-05-04 11:38:56,b'Once You Realize the Cost of Your Soul is All You Have To Give YOUR BLESSED\xf0\x9f\x91\x88\xf0\x9f\x91\x81\xf0\x9f\x91\x81\xf0\x9f\x91\x82\xf0\x9f\x91\x82\xf0\x9f\x91\x82\xf0\x9f\x91\x82\xf0\x9f\x92\xaf\xf0\x9f\x99\x8f\n.\nopiumatl. This Saturday We L\xe2\x80\xa6 https://t.co/feN8PvFSTG'
2019-05-04 08:50:17,"b""I dont care what people think of me! Cause at the end of the day,  im still going to be me regardless of anyone's o\xe2\x80\xa6 https://t.co/Wqsq1PlhfR"""
2019-05-04 06:59:13,b'You either are ugly-faced with a Hot body or Pretty-faced with an ugly body. There is no in between. #tbh #TedBundy'
2019-05-04 05:45:07,b'alibiatl. With Me You Will Never Worry About A Thing\xf0\x9f\x91\x88\xf0\x9f\x92\xaf\xf0\x9f\x92\xaf\xf0\x9f\x92\xaf\xf0\x9f\x91\x82\xf0\x9f\x91\x82\xf0\x9f\x91\x82\xf0\x9f\x99\x8f\n.\nopiumatl. This Saturday We LIT LIT Dm For Section In\xe2\x80\xa6 https://t.co/IJUeEfRaso'
2019-05-04 05:28:22,"b""K so Captain Obvious here to let you know that I failed at live tweeting since I didn't want to be the #WorstPerson\xe2\x80\xa6 https://t.co/QxOGazlChB"""
2019-05-04 05:06:19,b'#TBH #ScIndia has become filled with #Hypocrisy since #RanjanGogoi and even before that . It has started supported\xe2\x80\xa6 https://t.co/PDiu9n5do1'
2019-05-04 04:50:34,b'I need @TrixieCosmetics to make a shade of blue lipstick called \xe2\x80\x9cI Will Not Jodie Foster This Kind of Behavior\xe2\x80\x9d\xf0\x9f\x92\x99\xe2\x9c\xa8\xe2\x80\xa6 https://t.co/IH2CXVwTBs'
2019-05-04 04:34:23,"b""My #Jimin's voice appreciation tweet lol it's very lovely \xe2\x98\xba\xf0\x9f\x92\x98and I feel pretty emotional whenever I listen to him\xe2\x80\xa6 https://t.co/cIyA36Ba1b"""
2019-05-04 03:53:40,b'alibiatl Truth King Is My Birth Right\xf0\x9f\x91\x88\xf0\x9f\x92\xaf\xf0\x9f\x91\x81\xf0\x9f\x91\x81\xf0\x9f\x91\x82\xf0\x9f\x91\x82\xf0\x9f\x99\x8f\n.\nopiumatl. This Saturday We LIT LIT Dm For Section Info \xf0\x9f\x91\x88 Come Turn U\xe2\x80\xa6 https://t.co/hM2leTD2Xh'
2019-05-04 03:46:58,b'My wrld diffrnt #tbh? https://t.co/q5f95ESFnd'
2019-05-04 03:35:51,b'LIVE on #Periscope: AUDITIONS \xf0\x9f\x8d\x86\xf0\x9f\xa4\xaa\xf0\x9f\x91\x8f\xf0\x9f\x8f\xbe\xe2\x80\xbc\xef\xb8\x8f #lol #funny #gay #stripper #comedian #tbh #lmao #viral #explore #wshh #talk https://t.co/CMgATNWEmy'
2019-05-04 02:21:08,b'#TBH\nI miss my Baja https://t.co/RhKfdy1MId'
2019-05-04 00:34:01,"b""#TBH, it's not like no one knew me, but was I satisfied with that number? HELL NO! I got goals boo! #Okurrrt!\n\n#Storytime #DopeIRL"""
2019-05-04 00:20:52,b'Check out @fullyformedshow!\n\n#tbh #crowdfunding #pets #youtube #funny #tbt #motivationmonday #traveltuesday #wcw\xe2\x80\xa6 https://t.co/YbBHM8Qkx9'
2019-05-03 23:27:03,"b""RT @jeff_SBPS: My parents' van was stolen late last night. Please help me get the word out by sharing, retweeting, whatever you can do. It'\xe2\x80\xa6"""
2019-05-03 23:19:33,b'#Tbh the #CHANELCruise line was very safe \xf0\x9f\xa4\x94\xf0\x9f\xa4\x94\xf0\x9f\xa4\x94'
2019-05-03 23:07:53,b'@lindsaymealing Thank you for just ruining my childhood memory too #lol #hategrowingup \nI listened to the song just\xe2\x80\xa6 https://t.co/Mb3S6Omhrb'
2019-05-03 22:48:49,b'Let\xe2\x80\x99s CHAT\xf0\x9f\x98\x89\xf0\x9f\xa4\xaa: new Video up on Instagram #sex #gay #funny #viral #explore #tbh #talkshow #entertainment #lacefront https://t.co/YwrEANnkkT'
2019-05-03 22:27:09,"b'The more I think about #ENDGAME the more i question how good it truly was... Idk. I liked it, but i feel like Infin\xe2\x80\xa6 https://t.co/1qiEao0s28'"
2019-05-03 20:23:30,"b'Well #tbh with the way things are going, this government needs to reconsider a lot if things. Whats the point of sa\xe2\x80\xa6 https://t.co/Bva6uwkYkZ'"
2019-05-03 18:31:08,b'Lol when are all yous gonna stop posting yr black face health masks on the internet #tbh'
2019-05-03 16:40:08,b'ARE YOU LOOKING FOR THE SECRET TO 10K PER MONTH ?\n  \xf0\x9f\x91\x89\xf0\x9f\x91\x89https://t.co/UrcnR5H9MZ   \n #entrepreneurship #jimrohn #tbh https://t.co/BYmhaQbgfZ'
2019-05-03 15:53:38,"b""Can't wait for the next Vampire-@Weekendtheband album #TBH"""
2019-05-03 15:15:40,"b""#tbh I never really understood why people leave the stall if the toilet has something in it. It's not nice to look\xe2\x80\xa6 https://t.co/ZEzbo44lMT"""
2019-05-03 13:16:30,b'The work I\xe2\x80\x99m doing is ACH \xe2\x80\x9cAnything Can Happen\xe2\x80\x9d #amiayahooboy @marleynai @zlatan_ibile \n\xf0\x9f\x94\xbb\n\xf0\x9f\x94\xbb\n#tgif #bigmoves\xe2\x80\xa6 https://t.co/GepG9yMdK5'
2019-05-03 12:51:28,b'Please support my GoFundMe campaign: https://t.co/opltsqIO6A @gofundme #crowdfunding #tbh #love #photooftheday\xe2\x80\xa6 https://t.co/rM3948Be8G'
2019-05-03 12:31:13,b'When GoD Takes Your Wallet He Ethier going to Give It Back or Make You Start Life Over\xf0\x9f\x91\x88\xf0\x9f\x91\x81\xf0\x9f\x91\x81\xf0\x9f\x91\x82\xf0\x9f\x91\x82\xf0\x9f\x91\x82\xf0\x9f\x92\xaf\xf0\x9f\x99\x8f\n.\n#iseeyouno\xf0\x9f\x90\x83\xf0\x9f\x92\xa9 #tbh\xe2\x80\xa6 https://t.co/H4YUozFGrg'
2019-05-03 12:23:16,b'opiumatl. This Saturday We LIT LIT Dm For Section Info \xf0\x9f\x91\x88 Come Turn Up With All The Ballers \xe2\x98\x9d\xf0\x9f\x91\x81\xf0\x9f\x91\x81\xf0\x9f\x91\x82\xf0\x9f\x92\xad\n.\n#iseeyouno\xf0\x9f\x90\x83\xf0\x9f\x92\xa9\xe2\x80\xa6 https://t.co/uTJAtuDrDP'
2019-05-03 12:09:13,b'@davehill_56 #tbh when I was paid time &amp; a half &amp; time in lieu for working bank-holidays I never minded doing them\xe2\x80\xa6 https://t.co/EQRH6d1Qd0'
2019-05-03 11:57:44,b'@ricscaddawan for you\xe2\x80\x94black...to look slimmer #tbh'
2019-05-03 11:53:47,b'Truth\xf0\x9f\x92\xaf\xf0\x9f\x92\xaf\xf0\x9f\x92\xaf\xf0\x9f\x92\xaf\xf0\x9f\x92\xaf\xf0\x9f\x92\xaf\xe2\x9c\x94  opiumatl. This Saturday We LIT LIT Dm For Section Info \xf0\x9f\x91\x88 Come Turn Up With All The Ballers \xe2\x98\x9d\xf0\x9f\x91\x81\xf0\x9f\x91\x81\xf0\x9f\x91\x82\xf0\x9f\x92\xad\n.\xe2\x80\xa6 https://t.co/bjIO1uNoCm'
2019-05-03 11:51:15,b'I Overstan The \xf0\x9f\x8c\x8e Now\xf0\x9f\x91\x88\xf0\x9f\x91\x81\xf0\x9f\x91\x81\xf0\x9f\x91\x82\xf0\x9f\x91\x82\xf0\x9f\x91\x82\xf0\x9f\x92\xa8\xf0\x9f\x99\x8f\n.\nopiumatl. This Saturday We LIT LIT Dm For Section Info \xf0\x9f\x91\x88 Come Turn Up With All The B\xe2\x80\xa6 https://t.co/5Yu4SisDfW'
2019-05-03 11:48:47,b'When Its Gone My Time Will Be All The \xf0\x9f\x8c\x8e is worried About\xf0\x9f\x91\x88\xf0\x9f\x91\x81\xf0\x9f\x91\x81\xf0\x9f\x91\x82\xf0\x9f\x91\x82\xf0\x9f\x92\xad\xf0\x9f\x99\x8f\n.\nopiumatl. This Saturday We LIT LIT Dm For Section\xe2\x80\xa6 https://t.co/U0ys1c0dbk'
2019-05-03 10:20:05,"b""RT @AshleyD21350744: #tbh i'd never expect that i'll be watching (&amp; supporting a hsm) pbb again yah and it's all because of ashley so lez d\xe2\x80\xa6"""
2019-05-03 10:18:11,"b""RT @AshleyD21350744: #tbh i'd never expect that i'll be watching (&amp; supporting a hsm) pbb again yah and it's all because of ashley so lez d\xe2\x80\xa6"""
2019-05-03 10:17:02,"b""#tbh i'd never expect that i'll be watching (&amp; supporting a hsm) pbb again yah and it's all because of ashley so le\xe2\x80\xa6 https://t.co/dmA9XdQyCz"""
2019-05-03 09:41:00,b'Check out @fullyformedshow!\n\n#tbh #crowdfunding #pets #youtube #funny #tbt #motivationmonday #traveltuesday #wcw\xe2\x80\xa6 https://t.co/QSmWFguwaD'
2019-05-03 06:47:49,b'RT @xXDeafPotatoXx: I think Telstra is brain dead #TBH'
2019-05-03 06:08:43,b'She really ain\xe2\x80\x99t cute! #tbh #forgiveme'
2019-05-03 05:24:40,"b""Many people hope to stay far away from their parents because they don't want to be both emotional and angry #tbh"""
2019-05-03 05:22:06,b'Seeing you smile so bright makes my heart happy #tbh'
2019-05-03 03:32:51,b'I think Telstra is brain dead #TBH'
2019-05-03 03:03:31,b'#TBH I really deeply \xe2\x84\x93\xe2\x84\xb4 ve you @CarmellaWWE  MELLA I$ MONEY \xf0\x9f\x92\xb0 and am dying to see you every day in my dreams and wi\xe2\x80\xa6 https://t.co/l1ox5nAWjH'
2019-05-03 02:51:19,b'Bullshit!! I think people are a little more additive to #Instagram now let\xe2\x80\x99s just be honest here or should I say\xe2\x80\xa6 https://t.co/l3o1v16dFZ'
2019-05-03 02:25:53,"b'Fun fact #494:  If you assholes tried to pull off the same things I do, it wouldn\xe2\x80\x99t hold the same clout.\n\n#tbh\n#inbluntterms'"
2019-05-03 01:30:01,b'Check out @fullyformedshow!\n\n#tbh #crowdfunding #pets #youtube #funny #tbt #motivationmonday #traveltuesday #wcw\xe2\x80\xa6 https://t.co/iVLqEcw2In'
2019-05-03 01:16:03,"b'\xf0\x9f\x93\xa3 New Podcast! ""The Better Half 48"" on @Spreaker #applepodcast #marriage #married #podcast #single #spreaker #tbh\xe2\x80\xa6 https://t.co/wfnarfDagu'"
2019-05-03 01:04:55,"b'They need to bring this look back! #tbt #tbh @ Plantation, Florida https://t.co/KGSf1Q5302'"
2019-05-03 00:55:01,b'#TBH I really love this photo of @shanedawson and @Ryland_Adams it really makes me wanna have a boyfriend some day\xe2\x80\xa6 https://t.co/oLQMJFWzfG'
2019-05-03 00:42:50,b'RT @DowJonesIndy: @ATLHawks gave up on Mike Scott when he was battling back from adveristy #tbh'
2019-05-03 00:36:00,b'@ATLHawks gave up on Mike Scott when he was battling back from adveristy #tbh'
2019-05-03 00:05:31,b'@SportsGurl87 \xe2\x80\x9c#TBH I love Nick he makes me laugh\xe2\x80\x9d'
2019-05-03 00:02:57,b'@SportsGurl87 #TBH I looked hot that day instead of #TBT'
2019-05-03 00:01:47,"b'Dudeeee. I was 17 in the first 2 pics and 20 in the other 2. It\xe2\x80\x99s like I didn\xe2\x80\x99t even age, THE FUCK ?! \xf0\x9f\xa4\xa8#throwback\xe2\x80\xa6 https://t.co/evNli1a8GA'"
2019-05-02 23:43:46,b'RT @RahulDevRising: Down memory lane with dear friend JJValaya .. #tbh #men #fashion #photooftheday #photographer #designer #jjvalaya https\xe2\x80\xa6'
2019-05-02 22:15:32,"b'RT @spencee_b: this is my outerspace glo, I wear ou-ter-sp-ace clothes \xf0\x9f\x91\xa8\xf0\x9f\x8f\xbd\xe2\x80\x8d\xf0\x9f\x9a\x80\n.\n.\n. #ootd #retro #trendy #culture #hype #style #fashion #stre\xe2\x80\xa6'"
2019-05-02 22:13:23,"b'this is my outerspace glo, I wear ou-ter-sp-ace clothes \xf0\x9f\x91\xa8\xf0\x9f\x8f\xbd\xe2\x80\x8d\xf0\x9f\x9a\x80\n.\n.\n. #ootd #retro #trendy #culture #hype #style\xe2\x80\xa6 https://t.co/7Cd95uKGjM'"
2019-05-02 21:39:49,b'#tbh are usually with photos... but can we have one knowing EndGame came out a week ago already?!'
2019-05-02 20:41:35,"b'Super stacked OG account dm me offers to rare account, All renegade raider accounts for sale #renegaderaider\xe2\x80\xa6 https://t.co/kmyRX1ZgdE'"
2019-05-02 20:41:10,b'I found of my old video that from 8 years ago record with my most cheapest android phone i own. It was me showing o\xe2\x80\xa6 https://t.co/vjjA0OsK8T'
2019-05-02 20:36:03,"b'I swear I burn like 2,000 calories whenever I put my bedsheets on by myself #wellness #Tbh https://t.co/tWfmWomoO9'"
2019-05-02 20:06:58,b'Steve Jobs introduces iPhone in 2007 https://t.co/Me0LvWRn6F via @YouTube  #TBH'
2019-05-02 19:41:45,"b""RT @KaliChiriya: @deannadivyne @esthersalomons @grhlastrology It takes strength to be hard on oneself and it's essential for growth. #TBH w\xe2\x80\xa6"""
2019-05-02 19:41:21,"b""@deannadivyne @esthersalomons @grhlastrology It takes strength to be hard on oneself and it's essential for growth.\xe2\x80\xa6 https://t.co/dcEj2OsQ7a"""
2019-05-02 19:31:29,"b'At the Badgley Law Group in #Orlando, our brain injury #lawyer relies on a network of medical experts to help vindi\xe2\x80\xa6 https://t.co/BfjHFGaevl'"
2019-05-02 19:01:01,b'RT @RahulDevRising: Down memory lane with dear friend JJValaya .. #tbh #men #fashion #photooftheday #photographer #designer #jjvalaya https\xe2\x80\xa6'
2019-05-02 19:00:00,b'RT @RahulDevRising: Down memory lane with dear friend JJValaya .. #tbh #men #fashion #photooftheday #photographer #designer #jjvalaya https\xe2\x80\xa6'
2019-05-02 18:56:57,"b'Deep down, I am happy for my colleagues at other institutions who are done for the semester. But I still have two m\xe2\x80\xa6 https://t.co/p7hvzEBqK9'"
2019-05-02 18:49:25,b'Before #Warner &amp; #Bairstow\nand now #Pandey \n#SRH batting is completely depended on one or two person. \nIf this cont\xe2\x80\xa6 https://t.co/MVkTAvSjp6'
2019-05-02 18:38:18,b'#Phatty T #tbh Thursdaaze\n#Music #ChitChat\nLiveMe-Live broadcasting community https://t.co/waFtASQGJg'
2019-05-02 18:27:13,b'#TBH Maby some RP Later *Birthday this weekend* https://t.co/cjKdaqp2ox'
2019-05-02 17:39:31,b'RT @RahulDevRising: Down memory lane with dear friend JJValaya .. #tbh #men #fashion #photooftheday #photographer #designer #jjvalaya https\xe2\x80\xa6'
2019-05-02 17:33:32,b'I should feel something; but I just feel nothing! #tbh #MentalHealthAwareness'
2019-05-02 16:54:43,b'RT @RahulDevRising: Down memory lane with dear friend JJValaya .. #tbh #men #fashion #photooftheday #photographer #designer #jjvalaya https\xe2\x80\xa6'
2019-05-02 16:18:05,b'Down memory lane with dear friend JJValaya .. #tbh #men #fashion #photooftheday #photographer #designer #jjvalaya https://t.co/lfrvlXaTEH'
2019-05-02 16:11:11,"b""My parents' van was stolen late last night. Please help me get the word out by sharing, retweeting, whatever you ca\xe2\x80\xa6 https://t.co/YWeMiZdwiZ"""
2019-05-02 16:05:12,b'We\xe2\x80\x99re addicted to knowledge #flamespeaks #thoughts #tbh'
2019-05-02 15:23:32,b'#tbh TO MY #ethnichairstyling workshop.. this work shop will most definitely change your hair styling game.. IM reb\xe2\x80\xa6 https://t.co/kyGMEVSnKY'
2019-05-02 15:21:44,b'#TBH \nDICA SafetyTech Outrigger Pad Features and Benefits in 45 seconds!\n#safety #setupsafe #dica #outrigger\xe2\x80\xa6 https://t.co/763w4m4zWa'
2019-05-02 15:10:34,b'Beekens... #flmc #flmcustoms #tbh #dontmessthefresh #art #artist #design #detail #prints #custom #drawn #sketch\xe2\x80\xa6 https://t.co/3elEv1o2zu'
2019-05-02 15:01:34,b'The only thing that\xe2\x80\x99s making me happy right now #tbh https://t.co/AyfhPNCwYp'
2019-05-02 14:58:18,"b""If you're dating someone and the goal isn't marrying then why are you even dating in the first place?\xe2\x80\xa6 https://t.co/db3Y58RyWo"""
2019-05-02 14:32:47,b'@Shadz66Shadz6t6 But I don\xe2\x80\x99t think it was him #tbh'
2019-05-02 14:17:01,b'#IWonderIfPeopleStill listen to their old mix tapes? I think I would now grow impatient from rewinding to locate th\xe2\x80\xa6 https://t.co/o462ysyjdQ'
2019-05-02 14:01:22,"b'#TBH, our Turkey Bacon Ham Stack Sandwich is stacked to stun. \xf0\x9f\x98\x8e Natural pecan smoked ham \xf0\x9f\x99\x8cand roasted turkey carved\xe2\x80\xa6 https://t.co/VBVGVAUhsh'"
2019-05-02 13:19:37,b'All of a sudden #TBH I get it! #SMH'
2019-05-02 13:07:59,"b""RT @JeremieGabourg: Sign me up, @outsidemagazine! #TBH the idea of facing a \xf0\x9f\x90\xbb has long deterred me from venturing too far into Canada's for\xe2\x80\xa6"""
2019-05-02 12:54:51,b'I just don\xe2\x80\x99t trust other females. Has nothing to do with him #tbh'
2019-05-02 12:20:37,b'It\xe2\x80\x99s so sad. \nSomeone asks about love.\nWe tell them about heartbreaks. \xf0\x9f\x92\x94\n\n#love #truth #tbh #tbt'
2019-05-02 11:04:08,b'#tbh I only watch the first 10 minutes of the #BillboardMusicAwards2019 last night. I was only interested in seeing\xe2\x80\xa6 https://t.co/jmCJUL3dOt'
2019-05-02 10:30:00,"b'Swimming \xf0\x9f\x8f\x8a\xe2\x80\x8d\xe2\x99\x82\xef\xb8\x8f... is one aspect to complete a Triathlon. Are you a pro or beginner? No matter what you are, always r\xe2\x80\xa6 https://t.co/VTEaPAc5sq'"
2019-05-02 10:25:57,b'#tbh \nThis is was my first studio photo shoot headshot taken by my uni bestie Rae whilst on our black &amp; white photo\xe2\x80\xa6 https://t.co/LFOHRaGDW5'
2019-05-02 10:20:09,b'#Tbh whn our show ended as top 10 in trp list nd topped in digital trp along with trends during ipl time\xf0\x9f\xa4\x9f oh god !!\xe2\x80\xa6 https://t.co/if8R1GUzBP'
2019-05-02 10:12:43,b'Who Woulda thought one would turn out a fine young man and carving a career in the Royal Navy  and the other a care\xe2\x80\xa6 https://t.co/7xKPJKvXEC'
2019-05-02 07:46:18,b'@Alyssa_Milano Um because #TheOath has no power to compel you to tell the truth. It is just a suggestion. #tbh'
2019-05-02 07:36:12,b'Roma \xf0\x9f\x92\x8e\nhttps://t.co/DT4jUxehsL\n\n#like4like #photooftheday #tbh #photooftheday #instamood #fashion #jewellery\xe2\x80\xa6 https://t.co/bWayRZxhne'
2019-05-02 06:20:38,b'#tbh Maurice sacrificed Belle for the soul stone'
2019-05-02 04:38:06,"b'#tbh That would be me if I\xe2\x80\x99m ever famous, I\xe2\x80\x99d be there always making sure nobody even steps on my star \xf0\x9f\xa4\xa3 https://t.co/yzrg9rWxzw'"
2019-05-02 03:52:03,b'@RiggsBarstool @RiggsBarstool I think you are just bitter your blues are losing right now....#tbh'
2019-05-02 03:45:15,b'Up all night cuz I\xe2\x80\x99m off in the morning?! Be really the only reason why while time. #tbh'
2019-05-02 03:18:09,b'RiRi.\n\n\xf0\x9f\x8e\x84 \xf0\x9f\x98\x88\xf0\x9f\x98\x88 \xf0\x9f\x98\x88 DEATH BEFORE DISHONOR. \xf0\x9f\x91\x81 \xf0\x9f\x8e\xb4\xf0\x9f\x98\x88\xf0\x9f\x92\xb0\xf0\x9f\x98\x8c\xf0\x9f\x98\x8d\xf0\x9f\x8c\x87 \xf0\x9f\x8e\xa7 \xf0\x9f\x91\xbd \xf0\x9f\x97\xbb\xf0\x9f\x94\xb4\xf0\x9f\x97\xbb\xf0\x9f\x94\xb4\xf0\x9f\x97\xbb\xf0\x9f\x94\xb4\xf0\x9f\x97\xbb\xf0\x9f\x94\xb4\xf0\x9f\x97\xbb \xf0\x9f\x98\x88\xf0\x9f\x91\xbd\xf0\x9f\x94\xa5\xf0\x9f\x94\xae\xf0\x9f\x98\x8a #2019 #Lit #TBH #cleveland #CavsNation\xe2\x80\xa6 https://t.co/hUnpV6uJgb'
2019-05-02 03:16:59,"b""Can't go out like Mitch. Ever.\n\n\xf0\x9f\x8e\x84 \xf0\x9f\x98\x88\xf0\x9f\x98\x88 \xf0\x9f\x98\x88 DEATH BEFORE DISHONOR. \xf0\x9f\x91\x81 \xf0\x9f\x8e\xb4\xf0\x9f\x98\x88\xf0\x9f\x92\xb0\xf0\x9f\x98\x8c\xf0\x9f\x98\x8d\xf0\x9f\x8c\x87 \xf0\x9f\x8e\xa7 \xf0\x9f\x91\xbd \xf0\x9f\x97\xbb\xf0\x9f\x94\xb4\xf0\x9f\x97\xbb\xf0\x9f\x94\xb4\xf0\x9f\x97\xbb\xf0\x9f\x94\xb4\xf0\x9f\x97\xbb\xf0\x9f\x94\xb4\xf0\x9f\x97\xbb \xf0\x9f\x98\x88\xf0\x9f\x91\xbd\xf0\x9f\x94\xa5\xf0\x9f\x94\xae\xf0\x9f\x98\x8a #2019 #Lit #TBH\xe2\x80\xa6 https://t.co/vYcXxgY6Fn"""
2019-05-02 03:13:31,b'\xf0\x9f\x8c\x99Swizz Beatz.\xf0\x9f\x8c\x99\n\n\xf0\x9f\x8e\x84 \xf0\x9f\x98\x88\xf0\x9f\x98\x88 \xf0\x9f\x98\x88 DEATH BEFORE DISHONOR. \xf0\x9f\x91\x81 \xf0\x9f\x8e\xb4\xf0\x9f\x98\x88\xf0\x9f\x92\xb0\xf0\x9f\x98\x8c\xf0\x9f\x98\x8d\xf0\x9f\x8c\x87 \xf0\x9f\x8e\xa7 \xf0\x9f\x91\xbd \xf0\x9f\x97\xbb\xf0\x9f\x94\xb4\xf0\x9f\x97\xbb\xf0\x9f\x94\xb4\xf0\x9f\x97\xbb\xf0\x9f\x94\xb4\xf0\x9f\x97\xbb\xf0\x9f\x94\xb4\xf0\x9f\x97\xbb \xf0\x9f\x98\x88\xf0\x9f\x91\xbd\xf0\x9f\x94\xa5\xf0\x9f\x94\xae\xf0\x9f\x98\x8a #2019 #Lit #TBH #cleveland #CavsNation\xe2\x80\xa6 https://t.co/ygGMZ5sylS'
2019-05-02 02:59:57,b'RT @JacobPadley3: Idk how people can wear airpods everywhere they go when regular apple earbuds are uncomfortable as is #tbh'
2019-05-02 01:58:05,"b""#tbh, I ain't never mad at great sex. But you know what turns my knobs more than anything? Meaningful conversation.\xe2\x80\xa6 https://t.co/f2DZZqolXB"""
2019-05-02 01:46:28,b'opiumatl. This Saturday We LIT LIT Dm For Section Info \xf0\x9f\x91\x88 Come Turn Up With All The Ballers \xe2\x98\x9d\xf0\x9f\x91\x81\xf0\x9f\x91\x81\xf0\x9f\x91\x82\xf0\x9f\x92\xad\n.\n#iseeyouno\xf0\x9f\x90\x83\xf0\x9f\x92\xa9\xe2\x80\xa6 https://t.co/RxIFZ7dICF'
2019-05-02 01:15:39,b'All day every day\xf0\x9f\x98\x82\xf0\x9f\x98\x82\xf0\x9f\x98\x82\xf0\x9f\x91\x88\xf0\x9f\x91\x82\xf0\x9f\x91\x82\n.\n#iseeyouno\xf0\x9f\x90\x83\xf0\x9f\x92\xa9 #tbh I Will Be Even More Then What God 1st Thought I would be\xf0\x9f\x91\x88\xf0\x9f\x92\xaf\xf0\x9f\x92\xad\xf0\x9f\x91\x82\xf0\x9f\x99\x8f\xf0\x9f\x91\x81\xf0\x9f\x91\x81\xf0\x9f\x91\xbd .\nList\xe2\x80\xa6 https://t.co/jV8h1GX53g'
2019-05-02 00:20:05,"b""Maaaaan, shout out to all my West Lib peeps.. I see y'all but why haven't we even started a convo?! I don't bite, w\xe2\x80\xa6 https://t.co/2S7qNdzJse"""
2019-05-02 00:18:53,b'Idk how people can wear airpods everywhere they go when regular apple earbuds are uncomfortable as is #tbh'
2019-05-01 23:28:11,b'#tbh I have really bad trust issues \xf0\x9f\x98\x94'
2019-05-01 22:33:13,b'#iseeyouno\xf0\x9f\x90\x83\xf0\x9f\x92\xa9 #tbh I Will Be Even More Then What God 1st Thought I would be\xf0\x9f\x91\x88\xf0\x9f\x92\xaf\xf0\x9f\x92\xad\xf0\x9f\x91\x82\xf0\x9f\x99\x8f\xf0\x9f\x91\x81\xf0\x9f\x91\x81\xf0\x9f\x91\xbd .\nListen to the World around You\xe2\x80\xa6 https://t.co/IvynO6lD3J'
2019-05-01 19:36:25,b'#tbh I would have braved Times Square for that. https://t.co/o02vmX7OHV'
2019-05-01 19:02:51,b'@ErnNutt @skygoddess330 @662Maz @MrsWobbitt @minijew @14RRMS @JustMeBeingMe4 @ahddrv @GraceMurphy2 @TetleysTea\xe2\x80\xa6 https://t.co/WamxcLFRg4'
2019-05-01 16:20:41,b'2015. San Francisco. Yosemite. And Forrest Yoga Teacher Training.\n.\n.\n#tbh #tbt #throwbackthursday\xe2\x80\xa6 https://t.co/Y2VsMD0gee'
2019-05-01 15:50:20,"b""@FromePhotos I've gotta go with the Valentine Lamp postbox #tbh"""
2019-05-01 15:33:22,"b""I'm team #tbh. How do you pronounce it?"""
2019-05-01 15:17:15,"b'I realised my May Day was calling in , so much so that I had to rush out  to breathe and to take a fresh leap of fa\xe2\x80\xa6 https://t.co/JmrNBAHMrZ'"
2019-05-01 14:34:24,b'RT @990WBOB: It\xe2\x80\x99s #NationalHonestyDay &amp; #TBH you\xe2\x80\x99d regret missing out\n@TylerSalk &amp; @cmartinelli17 are live with #Boston #SportsTalk at 5\n@B\xe2\x80\xa6'
2019-05-01 14:17:41,"b'August 25th\n\nI want my mom to sleep in the same room with me #notweird \xf0\x9f\xa5\xba. Heard some flapping by my window, kinda w\xe2\x80\xa6 https://t.co/xgtwoK5zCS'"
2019-05-01 13:59:52,"b'RT @sketchgooroo: I only create, I love creating, I\xe2\x80\x99m very creative, creativity is who I am.\n-\n#creative #design #drawing #sketch #art #dra\xe2\x80\xa6'"
2019-05-01 13:31:32,b'One of America\xe2\x80\x99s greatest domestic threats is seeing an enraged white man with a gun shoot up another school. And h\xe2\x80\xa6 https://t.co/Jblj3Aqi9W'
2019-05-01 12:46:00,"b""Sign me up, @outsidemagazine! #TBH the idea of facing a \xf0\x9f\x90\xbb has long deterred me from venturing too far into Canada's\xe2\x80\xa6 https://t.co/jCsVqPWkky"""
2019-05-01 12:21:12,b'Make An Offer\n#domainnames #blockchain #ultradomains  #pot @DarrylLopes  #justbdsm @justbdsm #wholesalers #canna\xe2\x80\xa6 https://t.co/uY7ShrH1fW'
2019-05-01 12:04:04,b'@dougEjokes @megmoney34 @Paris__G @psallan11 @chipnchasehky #TBH That\xe2\x80\x99s one of my favorite #GIFS'
2019-05-01 11:08:19,"b""#Tbh I hate going out when my phone isn't fully charged"""
2019-05-01 10:44:01,b'I just like phoning people #tbh. \nBut no one answers any more. \nSo I had to revert to new tactics. https://t.co/oGY3NTWV8h'
2019-05-01 10:43:09,b'Zuckenburg is the Kim K of the tech world . what has he really done to earn such praise ? Nothing invented or creat\xe2\x80\xa6 https://t.co/6AjenXjCWu'
2019-05-01 10:20:59,b'START GETTING FREE #LEADS!!\n  \xf0\x9f\x91\x89\xf0\x9f\x91\x89https://t.co/0ooZORRxn9   \n #networkmarketing #makemoneyfromhome #tbh'
2019-05-01 10:14:37,b'#iseeyouno\xf0\x9f\x90\x83\xf0\x9f\x92\xa9 #tbh I Will Be Even More Then What God 1st Thought I would be\xf0\x9f\x91\x88\xf0\x9f\x92\xaf\xf0\x9f\x92\xad\xf0\x9f\x91\x82\xf0\x9f\x99\x8f\xf0\x9f\x91\x81\xf0\x9f\x91\x81\xf0\x9f\x91\xbd .\nListen to the World around You\xe2\x80\xa6 https://t.co/AbMwQclswK'
2019-05-01 10:14:24,b'@KateABC7 Same #tbh!'
2019-05-01 10:12:45,b'Queen God Made Me #king For You \xf0\x9f\x91\x88\xf0\x9f\x91\x81\xf0\x9f\x91\x81\xf0\x9f\x91\x82\xf0\x9f\x91\x82\n.\n#iseeyouno\xf0\x9f\x90\x83\xf0\x9f\x92\xa9 #tbh I Will Be Even More Then What God 1st Thought I would be\xf0\x9f\x91\x88\xe2\x80\xa6 https://t.co/tKDYsxnOVr'
2019-05-01 09:31:50,b'Check out @fullyformedshow!\n\n#tbh #crowdfunding #pets #youtube #funny #tbt #motivationmonday #traveltuesday #wcw\xe2\x80\xa6 https://t.co/vyYsdxuGke'
2019-05-01 08:09:53,"b'The world deserves a TV show called ""Yeaa baaabay TV"" #tbh'"
2019-05-01 06:26:56,b'#tbh that\xe2\x80\x99s what the Abrahamic holy books say. https://t.co/greuLBEhct'
2019-05-01 06:24:24,"b""Chris paul very excited after the Rockets finally get a call \xf0\x9f\x98\x82\xf0\x9f\x98\x82\n\nI know many think it's the refs that's holding bac\xe2\x80\xa6 https://t.co/b4annD0DyT"""
2019-05-01 04:44:46,"b'Honestly, my day usually consists of going to work and playing loud music in my car.\n\n#tbh #worklife #manager'"
2019-05-01 03:47:03,b'NO SELLING!  GIVE IT AWAY!\n\xf0\x9f\x91\x89\xf0\x9f\x91\x89 No Obligation .. The Details Are Right Here\n  \xf0\x9f\x91\x89\xf0\x9f\x91\x89https://t.co/0ooZORRxn9   \n #mlm #kiyosaki #tbh'
2019-05-01 03:06:39,b'RT @MackKarli: @PesoFr3sh I think your awesome #TBH'
2019-05-01 03:06:00,b'@PesoFr3sh I think your awesome #TBH'
2019-05-01 02:54:57,b'#iseeyouno\xf0\x9f\x90\x83\xf0\x9f\x92\xa9 #tbh I Will Be Even More Then What God 1st Thought I would be\xf0\x9f\x91\x88\xf0\x9f\x92\xaf\xf0\x9f\x92\xad\xf0\x9f\x91\x82\xf0\x9f\x99\x8f\xf0\x9f\x91\x81\xf0\x9f\x91\x81\xf0\x9f\x91\xbd .\nListen to the World around You\xe2\x80\xa6 https://t.co/VAD6Pf77d6'
2019-05-01 02:51:07,"b'With God We Will Gain The Victory, And He Will Trample Down Our Enemies~PSALMS 108:13\n\xe2\x80\xa2\n\xe2\x80\xa2\n\xe2\x80\xa2\n#psalms #warready\xe2\x80\xa6 https://t.co/o85pGDTlsj'"
2019-05-01 02:50:51,b'I write some really good emails for work and it makes me a little sad that I don\xe2\x80\x99t get props for them. #tbh'
2019-05-01 02:39:26,b'Sometimes what we avoid the most is exactly what we need the most. #TBH #RealTalk #Truth'
2019-05-01 02:31:39,"b'@KetchupSnowman If you read a spec script of mine, there will be:\n- Intellectual dialogue\n-  A black protagonist\n-\xe2\x80\xa6 https://t.co/5p6k9FRKrP'"
2019-05-01 02:06:21,b'@ChrisCoons The American people are truly over it and do not care... #tbh'
2019-05-01 01:16:00,b'I will always want a nap #tuesdaymotivation #tbh https://t.co/950lzcOPH1'
2019-05-01 00:42:49,b'Check out @fullyformedshow!\n\n#tbh #crowdfunding #pets #youtube #funny #tbt #motivationmonday #traveltuesday #wcw\xe2\x80\xa6 https://t.co/IqymYu1BpU'
2019-05-01 00:28:37,b'Come Enjoy The NBA Playoffs 1847atlanta @gidewoninc. No Cover Just A Chill Vibe\xf0\x9f\x91\x81\xf0\x9f\x91\x81 Plus BLESSED here To Make Sure yo\xe2\x80\xa6 https://t.co/yHmj2TnlPM'
2019-05-01 00:18:58,b'Have you ever tried to put your phone case back on and accidentally call 911? Because it finally happened and I\xe2\x80\x99m k\xe2\x80\xa6 https://t.co/xyFaFlkQm5'
2019-04-30 23:45:26,"b""Are chronic users of 'tbh' lying in their tweets when they don't use 'tbh'? #tbh"""
2019-04-30 23:03:52,b'So good what\xe2\x80\x99s #bored #hitmeup #tbh https://t.co/JMsqpHSwKR'
2019-04-30 22:54:21,b'#tbh I\xe2\x80\x99d watch this https://t.co/N8nle24PpM'
2019-04-30 22:46:13,b'When you start a new Twitter these are the Tweets that get you fired in 10 years. If you\xe2\x80\x99re already at that ten mar\xe2\x80\xa6 https://t.co/fEObpH3PQZ'
2019-04-30 22:26:40,b'When I was a young #girl #growingup in the #ghetto #Days #growingupblack #GrowingUpWithsiblings #WhitePrivilege lis\xe2\x80\xa6 https://t.co/ncKgxqRZsS'
2019-04-30 22:22:25,b'I for one do not judge or mislead\nOthers not something I represent \nOr stand for \xf0\x9f\x92\xaf ya feel me #Tbh'
2019-04-30 22:12:24,b'#NationalHonestyDay #tbh I Love my Life \xf0\x9f\x92\xaf\xf0\x9f\x91\x8d\xf0\x9f\x8f\xbd\xf0\x9f\xa5\xb0'
2019-04-30 22:02:24,"b""RT @TVeducationFdn: Today is National Honesty Day and #tbh We're pumped for the #RunfortheFUNd which is only one month away! \xf0\x9f\x98\x84 \xf0\x9f\x99\x86 See why we\xe2\x80\xa6"""
2019-04-30 21:53:59,"b""RT @frederickone: @RobStroud5 I'm not a UKIP supporter (but then I'm not an anything supporter #tbh) but I thought it was an utter disgrace\xe2\x80\xa6"""
2019-04-30 21:17:13,b'RT @990WBOB: It\xe2\x80\x99s #NationalHonestyDay &amp; #TBH you\xe2\x80\x99d regret missing out\n@TylerSalk &amp; @cmartinelli17 are live with #Boston #SportsTalk at 5\n@B\xe2\x80\xa6'
2019-04-30 21:00:25,b'I just ate a strawberry pop tart and I didn\xe2\x80\x99t hate it #tbh'
2019-04-30 20:59:38,b'How I\xe2\x80\x99m feeling right about noww.. y\xe2\x80\x99all hoes do too much \xe2\x80\xbc\xef\xb8\x8f\xe2\x80\xbc\xef\xb8\x8f #attentionSeekers #tbh #facts https://t.co/2TZjIHQavn'
2019-04-30 20:33:56,"b'YOU ARE NOW JUST A MOUSE CLICK AWAY FROM A $10,000 INCOME\n  \xf0\x9f\x91\x89\xf0\x9f\x91\x89https://t.co/0ooZORRxn9   \n #dinahjane #ericthomas #tbh'"
2019-04-30 20:25:01,"b""RT @frederickone: @RobStroud5 I'm not a UKIP supporter (but then I'm not an anything supporter #tbh) but I thought it was an utter disgrace\xe2\x80\xa6"""
2019-04-30 20:19:24,b'@LIBGyal I would be a sweet guy at first then once the teen yrs hit be a fuccboy for a min then get it together aro\xe2\x80\xa6 https://t.co/LMrc3vcb4W'
2019-04-30 19:35:01,"b""Today is National Honesty Day and #tbh We're pumped for the #RunfortheFUNd which is only one month away! \xf0\x9f\x98\x84 \xf0\x9f\x99\x86 See wh\xe2\x80\xa6 https://t.co/Z1KPOW56k7"""
2019-04-30 19:25:54,b'RT @xmaxxmillyx: Teletubbies meme. \xf0\x9f\xa4\xa3\xf0\x9f\xa4\xa3\xf0\x9f\xa4\xa3\xf0\x9f\xa4\xa3\xf0\x9f\xa4\xa3 #meme #memes #memesdaily #ontas #OntasChallenge #dank #dankmemes #edgy #edgymemes #darkmemes #offe\xe2\x80\xa6'
2019-04-30 19:14:08,b'RT @990WBOB: It\xe2\x80\x99s #NationalHonestyDay &amp; #TBH you\xe2\x80\x99d regret missing out\n@TylerSalk &amp; @cmartinelli17 are live with #Boston #SportsTalk at 5\n@B\xe2\x80\xa6'
2019-04-30 19:07:15,b'It\xe2\x80\x99s #NationalHonestyDay &amp; #TBH you\xe2\x80\x99d regret missing out\n@TylerSalk &amp; @cmartinelli17 are live with #Boston\xe2\x80\xa6 https://t.co/J9s0RTniyG'
2019-04-30 18:36:38,"b""It's #HonestyDay and #tbh our geolocation feature is super helpful to coaches and officials who help out with multi\xe2\x80\xa6 https://t.co/8nbQieiSrA"""
2019-04-30 17:32:40,"b""RT @frederickone: @RobStroud5 I'm not a UKIP supporter (but then I'm not an anything supporter #tbh) but I thought it was an utter disgrace\xe2\x80\xa6"""
2019-04-30 16:50:50,b'The real killer of trees are the @cvspharmacy receipts... #tbh'
2019-04-30 16:50:32,"b'RT @sjwyoo: Recently started a scheduled course of probiotics to improve gut flora, yet #tbh it is been generally weirder not have gastroin\xe2\x80\xa6'"
2019-04-30 16:43:01,b'You Already Involved in A HomeBiz and Struggling For Recruits ?\n\xf0\x9f\x91\x89\xf0\x9f\x91\x89 See For Yourself Free Presentation\n  \xf0\x9f\x91\x89\xf0\x9f\x91\x89\xe2\x80\xa6 https://t.co/3joeVRpHXX'
2019-04-30 16:31:43,b'@KathleenLights1 Anything that you put your name on #tbh'
2019-04-30 16:10:13,"b'Recently started a scheduled course of probiotics to improve gut flora, yet #tbh it is been generally weirder not h\xe2\x80\xa6 https://t.co/ptUl6CGHnw'"
2019-04-30 15:54:03,b'WHAT COULD $10K PER MONTH DO FOR YOUR WORLD?\n \xf0\x9f\x91\x89https://t.co/eZRa7XNzKS   \n #camilacabello #webmarketing #tbh https://t.co/KkFAN15n1b'
2019-04-30 15:24:38,b'#tbh the only person I like here is Schelling... \xf0\x9f\xa4\xa3\xf0\x9f\x98\xb3\xf0\x9f\xa4\xad'
2019-04-30 15:17:36,b'@MegWritesThings And a callout on ourselves #tbh ! https://t.co/I39xSZ9rKQ'
2019-04-30 14:53:10,b'I started to watch the new #Charmed and #tbh I\xe2\x80\x99m not liking it. I hope it gets better by the end of the season. #disappointed'
2019-04-30 14:12:37,b'#tbh more excited to see the S\xe2\x80\x99mores Frappuccino come back after a year off than I would be to see almost anyone fr\xe2\x80\xa6 https://t.co/ad2puC9NAQ'
2019-04-30 13:39:34,b'@howroute His \xc3\xbcber-weird posture is the least weird and disturbing thing about him. #TBH'
2019-04-30 12:54:11,"b""#TBH\n..... I'm tired of seeing Joe Biden's face\n\xf0\x9f\xa4\xb7\xf0\x9f\x8f\xbe\xe2\x80\x8d\xe2\x99\x82\xef\xb8\x8f"""
2019-04-30 12:24:47,"b""@RobStroud5 I'm not a UKIP supporter (but then I'm not an anything supporter #tbh) but I thought it was an utter di\xe2\x80\xa6 https://t.co/GDnDTxzA3j"""
2019-04-30 12:01:53,"b""It's #NationalHonestyDay and #TBH, sometimes the truth hurts. And sometimes it's hilarious. Some truths that have b\xe2\x80\xa6 https://t.co/LIZB7WXdJ9"""
2019-04-30 09:39:01,b'aurumatl. Big Facts At This Very Moment\xf0\x9f\x91\x88\xf0\x9f\x91\x81\xf0\x9f\x91\x81\xf0\x9f\x91\x81\xf0\x9f\x91\x81\xf0\x9f\x92\xad\xf0\x9f\x99\x8f\n.\n#iseeyouno\xf0\x9f\x90\x83\xf0\x9f\x92\xa9 #tbh I Will Be Even More Then What God 1st Thought I\xe2\x80\xa6 https://t.co/fNEv17gYU7'
2019-04-30 08:54:55,b'aurumatl Honestly Who Do It Better?\xf0\x9f\x91\x88\xf0\x9f\x91\x81\xf0\x9f\x91\x81\xf0\x9f\x91\x82\xf0\x9f\x91\x82\xf0\x9f\x92\xad\xf0\x9f\x99\x8f\n.\n#iseeyouno\xf0\x9f\x90\x83\xf0\x9f\x92\xa9 #tbh I Will Be Even More Then What God 1st Thought I woul\xe2\x80\xa6 https://t.co/dpxMK6Qlpd'
2019-04-30 08:04:05,b'Found Now On Just Ask GOD. About me\xf0\x9f\x91\x88\xf0\x9f\x91\x81\xf0\x9f\x91\x81\xf0\x9f\x91\x82\xf0\x9f\x91\x82\xf0\x9f\x99\x8f\xf0\x9f\x99\x8f\n.\n#iseeyouno\xf0\x9f\x90\x83\xf0\x9f\x92\xa9 #tbh I Will Be Even More Then What God 1st Thought I woul\xe2\x80\xa6 https://t.co/FprUbRZ8AJ'
2019-04-30 07:17:54,b'What Are Your Life Goals?? .\n.\n.\n.\n.\n.\n.\n.\n.\n.\n#life #goals #subject #yourgoals #mylife #confused #nogoals\xe2\x80\xa6 https://t.co/u7exoB5Gcz'
2019-04-30 06:26:43,b'RT @IMBLESSED8924: alibiatl Trust me Im Always In Right Place Above Ignorance\xf0\x9f\x91\x88\xf0\x9f\x91\x81\xf0\x9f\x91\x81\xf0\x9f\x91\x82\xf0\x9f\x91\x82\xf0\x9f\x91\x82\xf0\x9f\x92\xad\xf0\x9f\x99\x8f\n.\n#iseeyouno\xf0\x9f\x90\x83\xf0\x9f\x92\xa9 #tbh I Will Be Even More Then What God\xe2\x80\xa6'
2019-04-30 06:19:04,b'alibiatl Trust me Im Always In Right Place Above Ignorance\xf0\x9f\x91\x88\xf0\x9f\x91\x81\xf0\x9f\x91\x81\xf0\x9f\x91\x82\xf0\x9f\x91\x82\xf0\x9f\x91\x82\xf0\x9f\x92\xad\xf0\x9f\x99\x8f\n.\n#iseeyouno\xf0\x9f\x90\x83\xf0\x9f\x92\xa9 #tbh I Will Be Even More Then Wha\xe2\x80\xa6 https://t.co/7MGETI01A6'
2019-04-30 05:32:35,b'Playboy Mansion Mondays alibiatl. If you wanna See the Action Come Through the Door\xf0\x9f\x91\x88\xf0\x9f\x91\x81\xf0\x9f\x91\x81\xf0\x9f\x91\x82\xf0\x9f\x91\x82\xf0\x9f\x8e\xb6\xf0\x9f\x8e\xb6\xf0\x9f\x92\xad\xf0\x9f\x99\x8f\n.\n#iseeyouno\xf0\x9f\x90\x83\xf0\x9f\x92\xa9 #tbh I\xe2\x80\xa6 https://t.co/eKFhPhpGE7'
2019-04-30 05:16:18,"b""#TBH I've fr wasted a lot of precious time worrying about things. Either it works out or it doesn't. Nothing else t\xe2\x80\xa6 https://t.co/XKOeJGKnDI"""
2019-04-30 04:54:44,b'#tbh probs my future child.\n#MyHashtagWouldBe while I\xe2\x80\x99ll never have children. https://t.co/bgSH6CJoA4'
2019-04-30 02:24:45,b'I Was trying to Gain Weight &amp; God Made me Lose Weight \xf0\x9f\x91\x88\xf0\x9f\x91\x81\xf0\x9f\x91\x81\xe2\x98\x9d\xf0\x9f\x99\x8c\xf0\x9f\x99\x8f\xf0\x9f\x99\x8f\xf0\x9f\x92\xad\xf0\x9f\x91\x82\n.\n#iseeyouno\xf0\x9f\x90\x83\xf0\x9f\x92\xa9 #tbh I Will Be Even More Then What G\xe2\x80\xa6 https://t.co/qzsY02pD0B'
2019-04-30 01:39:36,b'\xf0\x9f\x98\x82\xf0\x9f\x98\x82\xf0\x9f\x98\x82\xf0\x9f\x98\x82\xf0\x9f\x98\x82\xf0\x9f\x98\x82\xf0\x9f\x98\x82\xf0\x9f\x98\x82#iseeyouno\xf0\x9f\x90\x83\xf0\x9f\x92\xa9 #tbh I Will Be Even More Then What God 1st Thought I would be\xf0\x9f\x91\x88\xf0\x9f\x92\xaf\xf0\x9f\x92\xad\xf0\x9f\x91\x82\xf0\x9f\x99\x8f\xf0\x9f\x91\x81\xf0\x9f\x91\x81\xf0\x9f\x91\xbd .\nListen to the World ar\xe2\x80\xa6 https://t.co/cawWKmLwQ1'
2019-04-30 01:37:59,b'Someone asked if I cried in the theater watching Avengers Endgame. I\xe2\x80\x99m glad to know I\xe2\x80\x99ve played it cool enough in l\xe2\x80\xa6 https://t.co/Md61nHvvBW'
2019-04-30 01:27:08,b'I dont know if I\xe2\x80\x99m mad or excited #tbh'
2019-04-30 00:42:24,"b'There was honestly so much going on in every issue, that it made me forget about my issues \xf0\x9f\x98\x82 #tbh #takemeback https://t.co/BbJjADrOD2'"
2019-04-29 23:33:42,b'It\xe2\x80\x99s Facts Check It EveryBody\xf0\x9f\x98\x87\xf0\x9f\x97\xa3\xe2\x9d\xa4\xef\xb8\x8f\xf0\x9f\x99\x8f\xf0\x9f\x92\xaf #Facts #Fact #Quote #YouTuber #RealTalk #Real #Honest #Truth #True #Tbh\xe2\x80\xa6 https://t.co/U15MCASBWx'
2019-04-29 23:16:43,b'I\xe2\x80\x99m prettty sure I broke my bladder after endgame.#tbh But still worth every second in the 3 hours and 2 minutes I was their\xf0\x9f\xa4\xb7\xf0\x9f\x8f\xbe\xe2\x80\x8d\xe2\x99\x80\xef\xb8\x8f'
2019-04-29 22:41:32,"b""I realize Curry regularly falls down like this too. It's still dirty no matter who does it. \n\n#NBA has become worse\xe2\x80\xa6 https://t.co/mqojtf3Tkq"""
2019-04-29 22:18:23,b'I Won\xe2\x80\x99t Stop Praising The Lord \xf0\x9f\x97\xa3\xe2\x9d\xa4\xef\xb8\x8f\xf0\x9f\x98\x87\xf0\x9f\x92\xaf#Facts #Fact #RealTalk #Real #Truth #True #Honest #God #Lord #JesusChrist\xe2\x80\xa6 https://t.co/8gRcGb2Iyb'
2019-04-29 21:28:44,b'Ik my attitude bad\xf0\x9f\xa4\xb7\xf0\x9f\x8f\xbd\xe2\x80\x8d\xe2\x99\x80\xef\xb8\x8f I gotta lotta personalities but you pick and choose which one you want everyday of the week\xe2\x80\xbc\xef\xb8\x8f#tbh #facts'
2019-04-29 20:38:19,b'I gave em 3 options for fits and niggas goin be niggas.. I didn\xe2\x80\x99t like my fit for the video #tbh'
2019-04-29 19:30:38,b'Yo what World do we live in now ??? \nfrom shootings all around the world killing our own people to almost every gir\xe2\x80\xa6 https://t.co/veRZXWUmma'
2019-04-29 19:29:33,b'#tbh she was kind of cute when she was a puppy\xf0\x9f\x90\x95\xe2\x9d\xa4 https://t.co/YTEaYut9wN'
2019-04-29 19:23:44,b'Puppies For Sale Dm for mor Info \xf0\x9f\x91\x88\xf0\x9f\x91\x81\xf0\x9f\x91\x81 #puppies \n.\n#iseeyouno\xf0\x9f\x90\x83\xf0\x9f\x92\xa9 #tbh I Will Be Even More Then What God 1st Thought I\xe2\x80\xa6 https://t.co/cMICP3dHJo'
2019-04-29 19:08:24,b'Congratulations on the Epic last 2 episodes of Thrones!! #TBH every episode you are in is Epic!! @Maisie_Williams'
2019-04-29 18:31:43,"b'Wedding or Eloping?\n\n#Tbh, Eloping seems to have more +\xe2\x80\x99s.  \nSure there\xe2\x80\x99d be be some disproval from family.  But it\xe2\x80\xa6 https://t.co/kEgbxyWMz6'"
2019-04-29 17:45:47,b'#Tbh @joerogan is fucking hilarious !! https://t.co/Mjx0rLwMAn'
2019-04-29 17:22:12,b'RT @ttrashsuperstar: #tbh the only thing that im mad at my parents for is throwing my beyblades away'
2019-04-29 16:58:02,b'@megturney #tbh Ragnarok itself is so underrated.'
2019-04-29 15:29:03,b'#Multiplier LINK IN BIO!!\n.\n.\n.\n.\n.\n.\n.\n.\n.\n.\n#followforfollowback #like #comment #listen #support #tbh #rate\xe2\x80\xa6 https://t.co/sDKf3sKgik'
2019-04-29 15:21:26,b'#tbh i dont even think its #me #personally they #salty over its the #choices \xf0\x9f\x98\x8f'
2019-04-29 15:17:51,b'@UVMmbb @TraeBall_5 @RiverLions Congrats #TBH!\n#CatamountProud'
2019-04-29 15:05:51,b'#amazonmobilesquiz tweeted for the second time in my life only to get the free mobile. \xf0\x9f\xa4\xa3 #tbh #AmazonIndia @amazonIN'
2019-04-29 14:30:00,b'I\xe2\x80\x99m one of the few people on the planet that hasn\xe2\x80\x99t seen a single minute of #GameOfTrones ... I\xe2\x80\x99m ok with that #tbh'
2019-04-29 12:32:50,b'People nowadays prefer fake friends over true Friends ....jo k unki ghltion mn b unka sath dain or unko ghlt rah sy\xe2\x80\xa6 https://t.co/lVPNOvfsuC'
2019-04-29 12:22:45,"b'#unflattering photo of myself, because it sucks that we still live in a age where people bully other people by thei\xe2\x80\xa6 https://t.co/rOh9LGl307'"
2019-04-29 07:22:35,b'#tbh the only thing that im mad at my parents for is throwing my beyblades away'
2019-04-29 06:59:55,"b'#tbh #Portland looks pretty #normal from up here. #notweird #lol #nofilter @ Portland, Oregon https://t.co/DfAXxZheJw'"
2019-04-29 06:22:18,b'#iseeyouno\xf0\x9f\x90\x83\xf0\x9f\x92\xa9 #tbh I Will Be Even More Then What God 1st Thought I would be\xf0\x9f\x91\x88\xf0\x9f\x92\xaf\xf0\x9f\x92\xad\xf0\x9f\x91\x82\xf0\x9f\x99\x8f\xf0\x9f\x91\x81\xf0\x9f\x91\x81\xf0\x9f\x91\xbd .\nListen to the World around You\xe2\x80\xa6 https://t.co/qRbptzLILk'
2019-04-29 04:51:37,b'@farrojarromusic Just A Reminder im Never Going Back\xf0\x9f\x91\x88\xf0\x9f\x91\x81\xf0\x9f\x91\x81\xe2\x98\x9d\xf0\x9f\x8e\xb6\xf0\x9f\x8e\xb6\xf0\x9f\x8e\xb6\xf0\x9f\x99\x8f\n.\n#iseeyouno\xf0\x9f\x90\x83\xf0\x9f\x92\xa9 #tbh I Will Be Even More Then What God\xe2\x80\xa6 https://t.co/Pt2uDUMgjk'
2019-04-29 03:50:19,"b""Men have to realize, she doesn't have to respond to you, and you gotta be okay with that. \xf0\x9f\xa4\xb7\xf0\x9f\x8f\xbd #TBH"""
2019-04-29 03:31:42,b'@Complex That\xe2\x80\x99s what the fuck I want to know!!! #tbh'
2019-04-29 03:14:17,"b""@Jostens I'd settle for getting the correct tassel that we ordered end of March for my son #tbh"""
2019-04-29 02:51:43,b'That was so tiring #tbh I was like oh no oh no OH NO and then uhmm omg is this never going to end? #ForTheThrone #GoT'
2019-04-29 02:50:04,"b'Kinda underwhelming how many main characters died #TBH Arya \xf0\x9f\x90\x90 episode was dope, but with all they hyped it up it pretty much had to be.'"
2019-04-29 02:29:24,b'Arya stole that move from Rey #TBH'
2019-04-29 02:04:01,b'#tbh I am falling in love with Virginia'
2019-04-29 01:14:58,b'She mad blushing.\n\n\xf0\x9f\x94\xa5 \xe2\x98\x80\xe2\x98\x9d \xf0\x9f\x98\x88\xf0\x9f\x98\x88 \xf0\x9f\x98\x88 DEATH BEFORE DISHONOR. \xf0\x9f\x91\x81 \xf0\x9f\x8e\xb4\xf0\x9f\x98\x88\xf0\x9f\x92\xb0\xf0\x9f\x98\x8c\xf0\x9f\x98\x8d\xf0\x9f\x8c\x87 \xf0\x9f\x8e\xa7 \xf0\x9f\x91\xbd \xf0\x9f\x97\xbb\xf0\x9f\x94\xb4\xf0\x9f\x97\xbb\xf0\x9f\x94\xb4\xf0\x9f\x97\xbb\xf0\x9f\x94\xb4\xf0\x9f\x97\xbb\xf0\x9f\x94\xb4\xf0\x9f\x97\xbb \xf0\x9f\x98\x88\xf0\x9f\x91\xbd\xf0\x9f\x94\xa5\xf0\x9f\x94\xae\xf0\x9f\x98\x8a #RIPNIPSEYHUSSLE #Lit #TBH\xe2\x80\xa6 https://t.co/O83YIUsjK1'
2019-04-29 01:09:48,b'\xf0\x9f\x94\xa5I feel like I can fly.\xf0\x9f\x94\xa5\n\nI fought Thanos on this day.\n\n\xf0\x9f\x94\xa5 \xe2\x98\x80\xe2\x98\x9d \xf0\x9f\x98\x88\xf0\x9f\x98\x88 \xf0\x9f\x98\x88 DEATH BEFORE DISHONOR. \xf0\x9f\x91\x81 \xf0\x9f\x8e\xb4\xf0\x9f\x98\x88\xf0\x9f\x92\xb0\xf0\x9f\x98\x8c\xf0\x9f\x98\x8d\xf0\x9f\x8c\x87 \xf0\x9f\x8e\xa7 \xf0\x9f\x91\xbd \xf0\x9f\x97\xbb\xf0\x9f\x94\xb4\xf0\x9f\x97\xbb\xf0\x9f\x94\xb4\xf0\x9f\x97\xbb\xf0\x9f\x94\xb4\xf0\x9f\x97\xbb\xf0\x9f\x94\xb4\xf0\x9f\x97\xbb \xf0\x9f\x98\x88\xf0\x9f\x91\xbd\xf0\x9f\x94\xa5\xe2\x80\xa6 https://t.co/L2liMcIyzi'
2019-04-29 01:07:41,b'When You Super Sick and All You Can do Is Watch GAME OF THRONES\xf0\x9f\x91\x88\xf0\x9f\x91\x81\xf0\x9f\x91\x81\xf0\x9f\x98\x82\xf0\x9f\x99\x8f\n.\n#iseeyouno\xf0\x9f\x90\x83\xf0\x9f\x92\xa9 #tbh I Will Be Even More Then W\xe2\x80\xa6 https://t.co/rGZCSpo1zH'
2019-04-29 01:07:21,"b'\xe2\x98\x81\xe2\x98\x9dI stay fresh as hell, take a pic, I mind as well.\xe2\x98\x9d\xe2\x98\x81\n\n\xf0\x9f\x94\xa5 \xe2\x98\x80\xe2\x98\x9d \xf0\x9f\x98\x88\xf0\x9f\x98\x88 \xf0\x9f\x98\x88 DEATH BEFORE DISHONOR. \xf0\x9f\x91\x81 \xf0\x9f\x8e\xb4\xf0\x9f\x98\x88\xf0\x9f\x92\xb0\xf0\x9f\x98\x8c\xf0\x9f\x98\x8d\xf0\x9f\x8c\x87 \xf0\x9f\x8e\xa7 \xf0\x9f\x91\xbd \xf0\x9f\x97\xbb\xf0\x9f\x94\xb4\xf0\x9f\x97\xbb\xf0\x9f\x94\xb4\xf0\x9f\x97\xbb\xf0\x9f\x94\xb4\xf0\x9f\x97\xbb\xf0\x9f\x94\xb4\xf0\x9f\x97\xbb \xf0\x9f\x98\x88\xf0\x9f\x91\xbd\xf0\x9f\x94\xa5\xf0\x9f\x94\xae\xe2\x80\xa6 https://t.co/xA2NCdrib1'"
2019-04-29 00:11:16,b'#iseeyouno\xf0\x9f\x90\x83\xf0\x9f\x92\xa9 #tbh I Will Be Even More Then What God 1st Thought I would be\xf0\x9f\x91\x88\xf0\x9f\x92\xaf\xf0\x9f\x92\xad\xf0\x9f\x91\x82\xf0\x9f\x99\x8f\xf0\x9f\x91\x81\xf0\x9f\x91\x81\xf0\x9f\x91\xbd .\nListen to the World around You\xe2\x80\xa6 https://t.co/vs994ro28R'
2019-04-28 23:25:12,b'See this and more at ==&gt;\n https://t.co/sQcC3Y4iQ3\n\n#Travel #VEGAN #MotivationMonday #traveltuesday #WCW #TBT #OOTD\xe2\x80\xa6 https://t.co/kOlXtz5q5G'
2019-04-28 22:34:04,b'NO SELLING!  GIVE IT AWAY!\n\xf0\x9f\x91\x89\xf0\x9f\x91\x89 Check for Yourself Take the Free Tour\n  \xf0\x9f\x91\x89\xf0\x9f\x91\x89https://t.co/0ooZORRxn9   \n #zigziglar #dreams #tbh'
2019-04-28 22:08:24,"b'@SoMexicans \xe2\x80\x9cNo hable Espa\xc3\xb1ol, thank you!\xe2\x80\x9d (those are the worst #tbh) #brainwashed'"
2019-04-28 20:24:41,b'#tbh just grinded pretty hard\xf0\x9f\x98\xa9\xf0\x9f\x98\xa9\xf0\x9f\x92\xa6\xf0\x9f\x92\xa6'
2019-04-28 19:39:07,b'#Tbh I think my favorite color is white'
2019-04-28 18:35:42,"b'RT @Mo_Smitty_32: I try to support and show love for the lesbian musicians/artist/rappers, but this auto tune sound is getting quite whack.\xe2\x80\xa6'"
2019-04-28 18:27:53,b'Everyone follow @HolidayQuarter and like their posts for a free shoutout and a follow from me!!!!! #like #retweet\xe2\x80\xa6 https://t.co/tT1IrUPijH'
2019-04-28 18:27:00,b'I like watching NASCAR every now &amp; again #Tbh'
2019-04-28 17:40:53,b'Digital watches Men sports Hiking https://t.co/efkNOyVFag Please retweet \n\n#VEGAN #TRAVELTUESDAY #shopify\xe2\x80\xa6 https://t.co/LBU4j3zGxq'
2019-04-28 17:39:08,b'#TBH I just want a big turkey sub sandwich with provalone cheese packed with veggies'
2019-04-28 17:37:38,"b""Please retweet Best Gift for Mothers Day. Mother's day gift circular shape Gold Color https://t.co/TyBMZf7CEH\xe2\x80\xa6 https://t.co/idkGHDZKaL"""
2019-04-28 17:33:06,b'2019 New Mom Gift Royal Blue Crystal Necklace https://t.co/SgZi1qjxS8 #VEGAN #TRAVELTUESDAY #shopify #ecommerce\xe2\x80\xa6 https://t.co/KPiAYmbCxT'
2019-04-28 17:25:20,b'Gray Canvas Backpack https://t.co/tpmJPMKppW #VEGAN #TRAVELTUESDAY\n#MotivationMonday #Shopping #OnlineShopping\xe2\x80\xa6 https://t.co/eI7aXmVFDs'
2019-04-28 17:05:32,b'i think about how much money my family would save without me at least once a day #tbh'
2019-04-28 15:55:39,b'Playing Some More Basketball EnjoyAble For A Christian WhiteBoy \xf0\x9f\x98\x87\xf0\x9f\x97\xa3\xf0\x9f\x8f\x80\xe2\x9d\xa4\xef\xb8\x8f\xf0\x9f\x92\xaf #Christian #Basketball #YouTuber #YouTube #I\xe2\x80\xa6 https://t.co/6PefQzTxWI'
2019-04-28 14:42:04,b'Best part of the show. #TBH hahahahs https://t.co/2GCBvaYjP6'
2019-04-28 14:35:17,b'RT @_Jxkxr_: Why need superheroes when there are brotherss #tbh'
2019-04-28 14:02:53,b'Why need superheroes when there are brotherss #tbh'
2019-04-28 11:42:17,b'where talent meets opportunity\n#TBH #consultancy #TalentMeetsOpportunity https://t.co/SIekvvUdfX'
2019-04-28 07:40:47,b'\xf0\x9f\x8e\xa7\xf0\x9f\x8e\xb6... we loved you before \xe2\x80\x98she\xe2\x80\x99 did!! \xf0\x9f\x98\xab\xf0\x9f\xa4\xa3\xf0\x9f\x98\x8b\xf0\x9f\x98\xab\xf0\x9f\x98\xab #whereispnd #tbh #maybeourpassionjustaintenough \xf0\x9f\xa4\xaf\xe2\x98\xb9\xef\xb8\x8f \xe2\x81\xa6@partynextdoor\xe2\x81\xa9 \xe2\x80\xbc\xef\xb8\x8f https://t.co/XMZd3aRDxj'
2019-04-28 06:35:59,"b""Haters will say it's Photoshop'd! \xf0\x9f\x98\x82 #Tbh #Idgaf https://t.co/YJaMJjVqdr"""
2019-04-28 05:28:31,"b""#Tbh It's funny how everyone wants to hear the same shit at the bar that they just heard on the car ride over to th\xe2\x80\xa6 https://t.co/raKvW0PJxB"""
2019-04-28 05:14:34,b'#iseeyouno\xf0\x9f\x90\x83\xf0\x9f\x92\xa9 #tbh I Will Be Even More Then What God 1st Thought I would be\xf0\x9f\x91\x88\xf0\x9f\x92\xaf\xf0\x9f\x92\xad\xf0\x9f\x91\x82\xf0\x9f\x99\x8f\xf0\x9f\x91\x81\xf0\x9f\x91\x81\xf0\x9f\x91\xbd .\nListen to the World around You\xe2\x80\xa6 https://t.co/guXCjScCQB'
2019-04-28 04:48:20,b'Yes. Our Nightmare has come to life\xf0\x9f\xa4\xa6\xf0\x9f\x8f\xbb\xe2\x80\x8d\xe2\x99\x82\xef\xb8\x8f no hiding with this one moe \n#nowayman #chips #munchies #newyork #bronx\xe2\x80\xa6 https://t.co/rYCdXlvuDQ'
2019-04-28 04:42:03,b'#TBH I Need A Boyfriend \xf0\x9f\x98\xa3'
2019-04-28 04:16:04,b'#iseeyouno\xf0\x9f\x90\x83\xf0\x9f\x92\xa9 #tbh I Will Be Even More Then What God 1st Thought I would be\xf0\x9f\x91\x88\xf0\x9f\x92\xaf\xf0\x9f\x92\xad\xf0\x9f\x91\x82\xf0\x9f\x99\x8f\xf0\x9f\x91\x81\xf0\x9f\x91\x81\xf0\x9f\x91\xbd .\nListen to the World around You\xe2\x80\xa6 https://t.co/tUEIxyhhup'
2019-04-28 03:33:17,b'\xf0\x9f\x98\x82 \xe2\x80\x9cShe A Killer\xe2\x80\x9d link in bio and on ALL digital platforms .\n.\n.\n.\n.\n#bestaddit #iambestaddit #sheakiller #tbh #trap\xe2\x80\xa6 https://t.co/xpHRVlA44Q'
2019-04-28 03:08:17,"b""#Tbh I hate going out when my phone isn't fully charged"""
2019-04-28 01:52:57,"b'If you don\xe2\x80\x99t like marvel, (the avengers) and/or, DC. Comics, (the justice league), then you were most definitely no\xe2\x80\xa6 https://t.co/PX0HQz6H4S'"
2019-04-28 01:29:02,"b'#TBH ""JUST A FEW MORE MINUTES AND THEN I\'LL GO TO BED?"" \nMe 2 hours later: https://t.co/Fd8wU1fYOS'"
2019-04-28 00:55:18,b'Yes!!! Facts !! \xf0\x9f\x98\x87 #Facts #Yes #Fact #Me #Loyal #Loyalty #RealTalk #Real #Honest #Tbh #Truth #True #WhiteBoy\xe2\x80\xa6 https://t.co/FDQesIbIME'
2019-04-28 00:05:15,b'@Maylin_09 Me 3 3cept 2 mean people #tbh #lol'
2019-04-28 00:00:20,"b'I\xe2\x80\x99m totally comfortable being alone, I\xe2\x80\x99ve been single for most of my adult life, but a partner would be great to ha\xe2\x80\xa6 https://t.co/efFShmhvGc'"
2019-04-27 23:58:56,b'Can\xe2\x80\x99t wait till feel like myself again #tbh'
2019-04-27 23:12:54,b'#tbh it wa probably too early to reveal Sith. #StarWarsRewatch #PhantomMenace'
2019-04-27 22:58:38,"b""#tbh I don't care so much if the religious think a #god is blessing them. I care more that they think he is damning\xe2\x80\xa6 https://t.co/1DF1O2IovC"""
2019-04-27 22:38:21,b'Gucci High Or In His Feelings Why State That #tbh'
2019-04-27 22:35:08,b'FORTNITE IS COMING TO LIFE https://t.co/siuyfPcw2n via @YouTube. Yoooo it should be against the law to be this craz\xe2\x80\xa6 https://t.co/tUWgSoqbnT'
2019-04-27 20:50:58,"b""I'm kinda salty that I'm not on this event \xf0\x9f\x99\x84 #tbh"""
2019-04-27 20:13:23,"b""If the new Guardians movie doesn't have [redacted] then they can stop production right now #tbh"""
2019-04-27 19:52:35,"b'when Benny Benassi plays satisfaction, I will be deceased #tbh'"
2019-04-27 19:36:28,b'This past almost month of being in a relationship has been so unreal. I knew that God was going to bless me one day\xe2\x80\xa6 https://t.co/TZ7Q7Dy7Ax'
2019-04-27 19:15:01,"b'Denver, you were amazing \xe2\x9d\xa4\xef\xb8\x8f but not the best food #tbh'"
